profile,requested_blocks_per_seed,snr_db,checkpoint_idx,blocks_per_seed,pooled_blocks,mode_id,modulation,pooled_ber,pooled_se,ci95_low,ci95_high,overlaps_ber_target,z_ab
deep,70000,0.0,1,5000,10000,0,BPSK,0.14470377604166668,0.0011630107772904804,0.14242427491817733,0.14698327716515602,False,1.0615922742251758
deep,70000,0.0,1,5000,10000,1,QPSK,0.20937688802083335,0.0011353025949362389,0.20715169493475832,0.21160208110690837,False,1.3261009527654224
deep,70000,0.0,1,5000,10000,2,16QAM,0.31436658528645833,0.0008812189844608634,0.31263939607691504,0.3160937744960016,False,1.243742825544135
deep,70000,0.0,1,5000,10000,3,64QAM,0.3731570095486111,0.0006266492284307624,0.3719287770608868,0.3743852420363354,False,1.3697789847399975
deep,70000,0.0,2,10000,20000,0,BPSK,0.14524303385416668,0.0008221026568308533,0.1436317126467782,0.14685435506155514,False,0.2191197657084601
deep,70000,0.0,2,10000,20000,1,QPSK,0.21000489908854167,0.0008027986104576323,0.20843141381204472,0.21157838436503862,False,0.17713076532916497
deep,70000,0.0,2,10000,20000,2,16QAM,0.314807958984375,0.0006227462690840497,0.3135873762969703,0.31602854167177974,False,0.12531861385166138
deep,70000,0.0,2,10000,20000,3,64QAM,0.37339809027777776,0.0004430699832961915,0.3725296731105172,0.3742665074450383,False,0.19118724856316513
deep,70000,0.0,3,15000,30000,0,BPSK,0.14641117621527777,0.0006751982609531082,0.14508778762380967,0.14773456480674588,False,0.22944930100176686
deep,70000,0.0,3,15000,30000,1,QPSK,0.21106934678819445,0.0006581934797213907,0.2097792875679405,0.21235940600844838,False,0.14568060226239776
deep,70000,0.0,3,15000,30000,2,16QAM,0.3155479926215278,0.0005099968878372889,0.3145483987213667,0.31654758652168885,False,0.07150745457584136
deep,70000,0.0,3,15000,30000,3,64QAM,0.3739170355902778,0.0003629048879385066,0.3732057420099183,0.37462832917063726,False,0.043971546541846256
deep,70000,0.0,4,20000,40000,0,BPSK,0.146426318359375,0.0005835791148649981,0.1452825032942396,0.1475701334245104,False,0.6890187791288943
deep,70000,0.0,4,20000,40000,1,QPSK,0.2111344970703125,0.0005688796812856913,0.21001949289499255,0.21224950124563247,False,0.56670148395019
deep,70000,0.0,4,20000,40000,2,16QAM,0.31569171142578123,0.00044093123575497455,0.3148274862037015,0.31655593664786097,False,0.5159542716766289
deep,70000,0.0,4,20000,40000,3,64QAM,0.37398408203125,0.000313549686282859,0.3733695246461356,0.3745986394163644,False,0.4208909129926831
deep,70000,0.0,5,25000,50000,0,BPSK,0.14658768229166666,0.0005217966594995217,0.1455649608390476,0.14761040374428572,False,0.023456380524796226
deep,70000,0.0,5,25000,50000,1,QPSK,0.21138307942708334,0.0005085080431747358,0.21038640366246086,0.21237975519170582,False,0.0055692392045048125
deep,70000,0.0,5,25000,50000,2,16QAM,0.315900400390625,0.0003938626283674398,0.3151284296390248,0.3166723711422252,False,0.003595165833630137
deep,70000,0.0,5,25000,50000,3,64QAM,0.37409953776041666,0.0002800212606933418,0.3735506960894577,0.37464837943137563,False,0.020622297909618868
deep,70000,0.0,6,30000,60000,0,BPSK,0.14661057942708333,0.00047542419409448127,0.14567874800665814,0.14754241084750852,False,0.34483297365572974
deep,70000,0.0,6,30000,60000,1,QPSK,0.21146948784722222,0.0004635897395873596,0.210560851957631,0.21237812373681345,False,0.388510329942226
deep,70000,0.0,6,30000,60000,2,16QAM,0.31599112413194447,0.0003590657009750159,0.3152873553580334,0.3166948929058555,False,0.3269546895226424
deep,70000,0.0,6,30000,60000,3,64QAM,0.3741621166087963,0.0002552696509499264,0.37366178809293443,0.37466244512465813,False,0.43071841917769627
deep,70000,0.0,7,35000,70000,0,BPSK,0.14674403831845237,0.000440859405850838,0.14587995388298472,0.14760812275392002,False,0.29524374422039223
deep,70000,0.0,7,35000,70000,1,QPSK,0.21160948660714285,0.000429723206673978,0.21076722912206186,0.21245174409222384,False,0.4851734826601678
deep,70000,0.0,7,35000,70000,2,16QAM,0.3160625953311012,0.00033263085556426835,0.31541063885419524,0.31671455180800717,False,0.5281401605705378
deep,70000,0.0,7,35000,70000,3,64QAM,0.37421446087549604,0.00023649200576693436,0.37375093654419284,0.37467798520679924,False,0.7001219479685723
deep,70000,0.0,8,40000,80000,0,BPSK,0.1466384033203125,0.0004119620607231473,0.14583095768129514,0.14744584895932986,False,0.5379268679531796
deep,70000,0.0,8,40000,80000,1,QPSK,0.21152070719401042,0.0004017928731381659,0.21073319316265962,0.21230822122536122,False,0.6156362362605997
deep,70000,0.0,8,40000,80000,2,16QAM,0.3159855936686198,0.000311217707328755,0.3153756069622554,0.31659558037498414,False,0.640823779447662
deep,70000,0.0,8,40000,80000,3,64QAM,0.3741482231987847,0.0002213185807520785,0.37371443878051064,0.3745820076170588,False,0.7369791211964457
deep,70000,0.0,9,45000,90000,0,BPSK,0.1465328197337963,0.0003883686762546614,0.14577161712833717,0.14729402233925545,False,0.301722774321541
deep,70000,0.0,9,45000,90000,1,QPSK,0.21139525462962963,0.00037885633567625763,0.21065269621170415,0.2121378130475551,False,0.37975421539549276
deep,70000,0.0,9,45000,90000,2,16QAM,0.31588269856770834,0.0002935958319375124,0.3153072507371108,0.3164581463983059,False,0.3468053681205464
deep,70000,0.0,9,45000,90000,3,64QAM,0.37406819540895064,0.00020881544349126346,0.3736589171397078,0.3744774736781935,False,0.473127613961627
deep,70000,0.0,10,50000,100000,0,BPSK,0.14646305989583333,0.0003684167341021451,0.14574096309699314,0.14718515669467352,False,0.5511671163726174
deep,70000,0.0,10,50000,100000,1,QPSK,0.21130215169270833,0.0003594294129163017,0.2105976700433924,0.21200663334202427,False,0.491454521958964
deep,70000,0.0,10,50000,100000,2,16QAM,0.3158087841796875,0.0002786119358386314,0.31526270478544377,0.3163548635739312,False,0.5027870899748168
deep,70000,0.0,10,50000,100000,3,64QAM,0.37401195855034725,0.00019816637828371745,0.37362355244891116,0.37440036465178334,False,0.3681797073142491
deep,70000,0.0,11,55000,110000,0,BPSK,0.14638236860795453,0.00035129068242113645,0.1456938388704091,0.14707089834549997,False,0.7927496395592819
deep,70000,0.0,11,55000,110000,1,QPSK,0.21123248697916666,0.00034272045252098707,0.21056075489222553,0.2119042190661078,False,0.7478996582836724
deep,70000,0.0,11,55000,110000,2,16QAM,0.3157425529711174,0.0002656404455149675,0.3152218976979081,0.31626320824432674,False,0.8430704125097305
deep,70000,0.0,11,55000,110000,3,64QAM,0.3739785619870581,0.0001889077023061742,0.373608302890538,0.3743488210835782,False,0.7612811350868325
deep,70000,0.0,12,60000,120000,0,BPSK,0.14633935546875,0.0003361237696975279,0.14568055288014284,0.14699815805735714,False,0.18839607310231055
deep,70000,0.0,12,60000,120000,1,QPSK,0.21121561414930556,0.00032797899152050197,0.2105727753259254,0.21185845297268574,False,0.22809332087307777
deep,70000,0.0,12,60000,120000,2,16QAM,0.3157343017578125,0.00025423028847509194,0.3152360103924013,0.31623259312322366,False,0.3224825372213314
deep,70000,0.0,12,60000,120000,3,64QAM,0.37397154495804397,0.0001807703685719502,0.3736172350356429,0.374325854880445,False,0.300467705289043
deep,70000,0.0,13,65000,130000,0,BPSK,0.1463503655849359,0.00032296860304443923,0.1457173471229688,0.14698338404690298,False,0.32939688428629826
deep,70000,0.0,13,65000,130000,1,QPSK,0.21124360977564102,0.00031514384944148253,0.21062592783073572,0.21186129172054632,False,0.3967065424138895
deep,70000,0.0,13,65000,130000,2,16QAM,0.31574788286258015,0.00024424955545178405,0.31526915373389464,0.31622661199126567,False,0.4727568839584192
deep,70000,0.0,13,65000,130000,3,64QAM,0.3739864049145299,0.00017367894566532808,0.37364599418102584,0.37432681564803394,False,0.3840313811488365
deep,70000,0.0,14,70000,140000,0,BPSK,0.1463198939732143,0.0003111832710384098,0.145709974761979,0.1469298131844496,False,0.5438377350331373
deep,70000,0.0,14,70000,140000,1,QPSK,0.21122446986607143,0.0003036426685360979,0.21062933023574068,0.2118196094964022,False,0.7066037487396337
deep,70000,0.0,14,70000,140000,2,16QAM,0.3157350283668155,0.0002353564961948267,0.31527372963427364,0.31619632709935735,False,0.8787202438000836
deep,70000,0.0,14,70000,140000,3,64QAM,0.37397976500496033,0.00016733223856041487,0.3736517938173819,0.37430773619253876,False,0.7794568801162982
deep,70000,2.0,1,5000,10000,0,BPSK,0.10999680989583334,0.0011041057676919308,0.10783276259115715,0.11216085720050953,False,0.6031390770735227
deep,70000,2.0,1,5000,10000,1,QPSK,0.16969098307291666,0.0011632860746703987,0.16741094236656268,0.17197102377927065,False,0.34576910408788614
deep,70000,2.0,1,5000,10000,2,16QAM,0.27953444010416667,0.0009733555855622498,0.27762666315646467,0.28144221705186867,False,0.1878077070677946
deep,70000,2.0,1,5000,10000,3,64QAM,0.34678143446180554,0.0007231456577686771,0.34536406897257893,0.34819879995103215,False,0.2496240373938744
deep,70000,2.0,2,10000,20000,0,BPSK,0.10949176432291667,0.0007848724094186972,0.10795341440045603,0.11103011424537731,False,1.283527892191653
deep,70000,2.0,2,10000,20000,1,QPSK,0.16897999674479167,0.0008253589570769985,0.16736229318892074,0.1705977003006626,False,1.252530767776845
deep,70000,2.0,2,10000,20000,2,16QAM,0.27891153157552084,0.0006897436463463996,0.2775596340286819,0.2802634291223598,False,1.2338092466454604
deep,70000,2.0,2,10000,20000,3,64QAM,0.34637079535590276,0.0005120361761037888,0.3453672044507393,0.3473743862610662,False,1.2315992742092983
deep,70000,2.0,3,15000,30000,0,BPSK,0.10914064670138889,0.0006403644589619955,0.10788553236182337,0.1103957610409544,False,1.875333196552835
deep,70000,2.0,3,15000,30000,1,QPSK,0.16849890407986112,0.0006742348428245464,0.167177403787925,0.16982040437179724,False,1.7589192298743799
deep,70000,2.0,3,15000,30000,2,16QAM,0.27842894422743053,0.0005641321374662882,0.2773232452379966,0.27953464321686444,False,1.8097193974500296
deep,70000,2.0,3,15000,30000,3,64QAM,0.3460136357060185,0.00041923087193410704,0.3451919431970277,0.34683532821500934,False,1.736852622468314
deep,70000,2.0,4,20000,40000,0,BPSK,0.10869814453125,0.0005547945205247793,0.10761074727102143,0.10978554179147856,False,1.3917665586929513
deep,70000,2.0,4,20000,40000,1,QPSK,0.1679036865234375,0.0005843592139981126,0.1667583424640012,0.16904903058287382,False,1.2440121509241069
deep,70000,2.0,4,20000,40000,2,16QAM,0.2778981770833333,0.0004890950690531149,0.2769395507479892,0.2788568034186774,False,1.3789672394795596
deep,70000,2.0,4,20000,40000,3,64QAM,0.3456155056423611,0.00036367857988636834,0.3449026956257838,0.3463283156589384,False,1.2875509973732664
deep,70000,2.0,5,25000,50000,0,BPSK,0.10844467447916667,0.0004954488978241883,0.10747359463943126,0.10941575431890208,False,1.025349083530319
deep,70000,2.0,5,25000,50000,1,QPSK,0.16770858072916667,0.0005216886765397933,0.16668607092314866,0.16873109053518467,False,1.113174545789158
deep,70000,2.0,5,25000,50000,2,16QAM,0.27783751627604164,0.00043641170348301326,0.27698214933721493,0.27869288321486835,False,1.30336285246176
deep,70000,2.0,5,25000,50000,3,64QAM,0.3456061067708333,0.0003243773006784052,0.3449703272615036,0.346241886280163,False,1.2453683988002353
deep,70000,2.0,6,30000,60000,0,BPSK,0.10854305555555556,0.00045224630185904574,0.10765665280391183,0.10942945830719929,False,0.9638416886740659
deep,70000,2.0,6,30000,60000,1,QPSK,0.16777389322916667,0.0004764523210605313,0.16684004667988803,0.1687077397784453,False,1.1220059026453717
deep,70000,2.0,6,30000,60000,2,16QAM,0.27787452528211803,0.00039881452959311355,0.27709284880411555,0.2786562017601205,False,1.3720981640960306
deep,70000,2.0,6,30000,60000,3,64QAM,0.3456112666377315,0.0002964684891371583,0.34503018839902266,0.34619234487644035,False,1.3335354269427853
deep,70000,2.0,7,35000,70000,0,BPSK,0.10847302827380953,0.00041831171329758917,0.10765313731574626,0.1092929192318728,False,1.6166271514495647
deep,70000,2.0,7,35000,70000,1,QPSK,0.16770853329613095,0.0004408008636309643,0.16684456360341426,0.16857250298884763,False,1.7165900984039495
deep,70000,2.0,7,35000,70000,2,16QAM,0.2778226771763393,0.00036898144548417434,0.2770994735431903,0.2785458808094883,False,1.8227297937419042
deep,70000,2.0,7,35000,70000,3,64QAM,0.3455903521825397,0.0002743673171134045,0.34505259224099744,0.34612811212408195,False,1.781577261965009
deep,70000,2.0,8,40000,80000,0,BPSK,0.10841170247395833,0.00039119986569553214,0.10764495073719509,0.10917845421072157,False,1.549691315245474
deep,70000,2.0,8,40000,80000,1,QPSK,0.16765869140625,0.00041226185358505553,0.16685065817322328,0.16846672463927673,False,1.640445142359168
deep,70000,2.0,8,40000,80000,2,16QAM,0.2778017374674479,0.00034505064825807993,0.2771254381968621,0.27847803673803373,False,1.6850735506717505
deep,70000,2.0,8,40000,80000,3,64QAM,0.3455692816840278,0.0002565851015981589,0.3450663748848954,0.3460721884831602,False,1.604328707351678
deep,70000,2.0,9,45000,90000,0,BPSK,0.10865321180555555,0.00036937802885350136,0.10792923086900269,0.10937719274210841,False,1.389276353233361
deep,70000,2.0,9,45000,90000,1,QPSK,0.16789433232060186,0.0003891873769845129,0.16713152506171222,0.1686571395794915,False,1.491229777803947
deep,70000,2.0,9,45000,90000,2,16QAM,0.2779540798611111,0.00032572499120036994,0.27731565887835835,0.27859250084386383,False,1.502579239847216
deep,70000,2.0,9,45000,90000,3,64QAM,0.3456711540316358,0.00024227007315861553,0.3451963046882449,0.34614600337502666,False,1.4709436815177568
deep,70000,2.0,10,50000,100000,0,BPSK,0.10867510416666666,0.00035017852455231297,0.10798875425854412,0.1093614540747892,False,1.9609324594801862
deep,70000,2.0,10,50000,100000,1,QPSK,0.1679634765625,0.0003689952186725415,0.1672402459339018,0.16868670719109818,False,1.99178412945534
deep,70000,2.0,10,50000,100000,2,16QAM,0.2780309554036458,0.0003087886378314021,0.27742572967349627,0.27863618113379535,False,2.0316548473621063
deep,70000,2.0,10,50000,100000,3,64QAM,0.3457337445746528,0.00022961198088787595,0.34528370509211254,0.346183784057193,False,1.9777245777473627
deep,70000,2.0,11,55000,110000,0,BPSK,0.10858994436553031,0.00033421167998254667,0.10793488947276451,0.1092449992582961,False,2.8299734968854957
deep,70000,2.0,11,55000,110000,1,QPSK,0.16783753255208333,0.00035205742846299617,0.16714749999229586,0.1685275651118708,False,2.8543489265740116
deep,70000,2.0,11,55000,110000,2,16QAM,0.2779082090435606,0.0002945771117936142,0.2773308379044451,0.2784855801826761,False,2.910213545293856
deep,70000,2.0,11,55000,110000,3,64QAM,0.34564678326231063,0.00021903569886208953,0.34521747329254093,0.34607609323208033,False,2.8875634033269653
deep,70000,2.0,12,60000,120000,0,BPSK,0.10855977647569444,0.0003198910404380156,0.10793279003643592,0.10918676291495295,False,2.491170540793749
deep,70000,2.0,12,60000,120000,1,QPSK,0.16780441080729167,0.0003370961563634298,0.16714370234081935,0.16846511927376398,False,2.490173491785656
deep,70000,2.0,12,60000,120000,2,16QAM,0.2778658406575521,0.0002821283325039754,0.2773128691258443,0.2784188121892599,False,2.5218057979994724
deep,70000,2.0,12,60000,120000,3,64QAM,0.34560925202546294,0.00020980890421586797,0.34519802657319987,0.346020477477726,False,2.5093573000287392
deep,70000,2.0,13,65000,130000,0,BPSK,0.10843943810096154,0.0003072329362789315,0.10783726154585484,0.10904161465606825,False,2.677808053868547
deep,70000,2.0,13,65000,130000,1,QPSK,0.16765291716746794,0.000323926678387423,0.1670180208778286,0.16828781345710728,False,2.69635402563103
deep,70000,2.0,13,65000,130000,2,16QAM,0.2777129632411859,0.00027119988849674885,0.27718141145973224,0.2782445150226395,False,2.7468600518586666
deep,70000,2.0,13,65000,130000,3,64QAM,0.3454836621928419,0.00020175442339369733,0.34508822352299023,0.3458791008626935,False,2.738731565925444
deep,70000,2.0,14,70000,140000,0,BPSK,0.10845708240327381,0.00029621325214087874,0.10787650442907769,0.10903766037746994,False,2.878687587518148
deep,70000,2.0,14,70000,140000,1,QPSK,0.16766497628348215,0.00031220746548306025,0.16705304965113535,0.16827690291582895,False,2.85710026026255
deep,70000,2.0,14,70000,140000,2,16QAM,0.27772867024739584,0.00026131578473652926,0.27721649130931225,0.2782408491854794,False,2.8193672732305313
deep,70000,2.0,14,70000,140000,3,64QAM,0.34550111219618057,0.00019437839668817145,0.34512013053867174,0.3458820938536894,False,2.791780520627096
deep,70000,4.0,1,5000,10000,0,BPSK,0.07508860677083333,0.0010019765006407863,0.07312473282957739,0.07705248071208927,False,0.5588371389936624
deep,70000,4.0,1,5000,10000,1,QPSK,0.12448453776041667,0.0011357610540847585,0.12225844609441054,0.1267106294264228,False,0.8222430137868807
deep,70000,4.0,1,5000,10000,2,16QAM,0.235185302734375,0.0010438619284118102,0.23313933335468784,0.23723127211406214,False,1.0024345379374844
deep,70000,4.0,1,5000,10000,3,64QAM,0.31164225260416667,0.0008216557273150075,0.31003180737862923,0.3132526978297041,False,1.1441759217101581
deep,70000,4.0,2,10000,20000,0,BPSK,0.07622408854166667,0.0007095734270336988,0.07483332462468062,0.07761485245865271,False,1.5394532511257069
deep,70000,4.0,2,10000,20000,1,QPSK,0.12603580729166666,0.0008047766716179568,0.12445844501529547,0.12761316956803787,False,1.5903376446845634
deep,70000,4.0,2,10000,20000,2,16QAM,0.23661866861979167,0.0007398648721710789,0.23516853347033634,0.238068803769247,False,1.5425778008376791
deep,70000,4.0,2,10000,20000,3,64QAM,0.3126630642361111,0.0005815169706197616,0.3115232909736964,0.31380283749852583,False,1.5381192269385808
deep,70000,4.0,3,15000,30000,0,BPSK,0.07674342447916667,0.000581391199923081,0.07560389772731743,0.0778829512310159,False,0.7757547274949576
deep,70000,4.0,3,15000,30000,1,QPSK,0.12668552517361112,0.0006585628737826048,0.1253947419409972,0.12797630840622504,False,0.7117383356922713
deep,70000,4.0,3,15000,30000,2,16QAM,0.23715054796006946,0.0006049803742011518,0.2359647864266352,0.2383363094935037,False,0.5387346310515866
deep,70000,4.0,3,15000,30000,3,64QAM,0.31306666304976855,0.0004754111582156535,0.3121348571796659,0.3139984689198712,False,0.5254053984514305
deep,70000,4.0,4,20000,40000,0,BPSK,0.07702874348958333,0.000503991898847961,0.07604091936784133,0.07801656761132533,False,0.91043762071661
deep,70000,4.0,4,20000,40000,1,QPSK,0.12699930826822917,0.0005710483395004,0.12588005352280837,0.12811856301364996,False,0.7186032974690617
deep,70000,4.0,4,20000,40000,2,16QAM,0.23740401611328124,0.0005246644527073376,0.23637567378597485,0.23843235844058763,False,0.5469950520024552
deep,70000,4.0,4,20000,40000,3,64QAM,0.3132520670572917,0.0004120329762126159,0.312444482423915,0.3140596516906684,False,0.5320053908640145
deep,70000,4.0,5,25000,50000,0,BPSK,0.0769413671875,0.000451130869344393,0.07605715068358498,0.07782558369141501,False,0.48578358591758464
deep,70000,4.0,5,25000,50000,1,QPSK,0.12682466145833332,0.0005109909408133359,0.1258231192143392,0.12782620370232745,False,0.4013817655842447
deep,70000,4.0,5,25000,50000,2,16QAM,0.23722034830729166,0.00046936896226934733,0.23630038514124374,0.23814031147333958,False,0.34794721197574213
deep,70000,4.0,5,25000,50000,3,64QAM,0.3131041796875,0.0003686656841560275,0.31238159494655415,0.3138267644284458,False,0.3794267300598099
deep,70000,4.0,6,30000,60000,0,BPSK,0.07695092230902778,0.00041185586950170786,0.07614368480480443,0.07775815981325113,False,0.685331661056478
deep,70000,4.0,6,30000,60000,1,QPSK,0.12678915473090277,0.00046662435634208,0.1258745709924723,0.12770373846933325,False,0.6193912385833149
deep,70000,4.0,6,30000,60000,2,16QAM,0.237151904296875,0.0004289761289117111,0.23631111108420805,0.23799269750954194,False,0.5062769558316595
deep,70000,4.0,6,30000,60000,3,64QAM,0.3130150047019676,0.0003369670806003882,0.3123545492239908,0.31367546017994435,False,0.5768410689679345
deep,70000,4.0,7,35000,70000,0,BPSK,0.07693711867559523,0.00038177956066850067,0.07618883073668498,0.07768540661450549,False,0.003581065816956561
deep,70000,4.0,7,35000,70000,1,QPSK,0.12671026785714284,0.00043245510709182157,0.12586265584724288,0.1275578798670428,False,0.015075947989377825
deep,70000,4.0,7,35000,70000,2,16QAM,0.23702636021205356,0.00039753754438375216,0.23624718662506142,0.2378055337990457,False,0.04175484611281103
deep,70000,4.0,7,35000,70000,3,64QAM,0.3129011997767857,0.0003123308504173851,0.31228903130996766,0.31351336824360376,False,0.19248381650321053
deep,70000,4.0,8,40000,80000,0,BPSK,0.07674767252604167,0.0003564872534975346,0.0760489575091865,0.07744638754289684,False,0.568880429415856
deep,70000,4.0,8,40000,80000,1,QPSK,0.12649361165364584,0.00040418870717275263,0.12570140178758724,0.12728582151970444,False,0.5635340363185801
deep,70000,4.0,8,40000,80000,2,16QAM,0.23682438151041665,0.0003716919637077823,0.2360958652615494,0.2375528977592839,False,0.5696385280667304
deep,70000,4.0,8,40000,80000,3,64QAM,0.31273961588541666,0.00029205969878573436,0.3121671788757966,0.3133120528950367,False,0.41118113039381593
deep,70000,4.0,9,45000,90000,0,BPSK,0.0766330295138889,0.0003356827091399527,0.07597509140397458,0.0772909676238032,False,1.0476082146217303
deep,70000,4.0,9,45000,90000,1,QPSK,0.12639116391782407,0.0003807403979273033,0.12564491273788655,0.12713741509776158,False,0.8744125662879607
deep,70000,4.0,9,45000,90000,2,16QAM,0.2367441767939815,0.0003501610610650329,0.23605786111429403,0.23743049247366896,False,0.7630916002426398
deep,70000,4.0,9,45000,90000,3,64QAM,0.31269591531635804,0.0002751351969954319,0.312156650330247,0.3132351803024691,False,0.5518624998581602
deep,70000,4.0,10,50000,100000,0,BPSK,0.07686966145833334,0.0003193824499785524,0.07624367185637537,0.0774956510602913,False,1.1995017224460922
deep,70000,4.0,10,50000,100000,1,QPSK,0.12662357747395833,0.0003619377087134873,0.1259141795648799,0.12733297538303676,False,0.9963101151909444
deep,70000,4.0,10,50000,100000,2,16QAM,0.236923681640625,0.0003326481357010471,0.23627169129465095,0.23757567198659904,False,0.8512995371588424
deep,70000,4.0,10,50000,100000,3,64QAM,0.3128180533854167,0.0002612977367665808,0.3123059098213542,0.31333019694947917,False,0.6227743824058162
deep,70000,4.0,11,55000,110000,0,BPSK,0.07696935961174242,0.00030490990653534805,0.07637173619493313,0.07756698302855171,False,0.8121681383960966
deep,70000,4.0,11,55000,110000,1,QPSK,0.12669834872159091,0.0003454670412523281,0.12602123332073636,0.12737546412244546,False,0.6068841998451648
deep,70000,4.0,11,55000,110000,2,16QAM,0.2369465539180871,0.0003175197827456644,0.2363242151439056,0.2375688926922686,False,0.4838035098578876
deep,70000,4.0,11,55000,110000,3,64QAM,0.3128205600931187,0.0002494054900942367,0.312331725332534,0.3133093948537034,False,0.28895535924855986
deep,70000,4.0,12,60000,120000,0,BPSK,0.07709551323784722,0.00029204509304888744,0.0765231048554714,0.07766792162022304,False,0.9152367465020841
deep,70000,4.0,12,60000,120000,1,QPSK,0.12685955403645832,0.0003308286873237773,0.1262111298093037,0.12750797826361293,False,0.7823584577107275
deep,70000,4.0,12,60000,120000,2,16QAM,0.23709142388237847,0.00030407441519004835,0.23649543802860598,0.23768740973615096,False,0.747482930507979
deep,70000,4.0,12,60000,120000,3,64QAM,0.3129270562065972,0.0002388511962096578,0.3124589078620263,0.31339520455116815,False,0.5831057838338639
deep,70000,4.0,13,65000,130000,0,BPSK,0.07719805689102564,0.00028082304702726986,0.07664764371885219,0.0777484700631991,False,1.4365170637067957
deep,70000,4.0,13,65000,130000,1,QPSK,0.12694908102964744,0.00031808878040204947,0.12632562702005942,0.12757253503923546,False,1.2537898439770885
deep,70000,4.0,13,65000,130000,2,16QAM,0.23715475010016027,0.00029234198209221934,0.23658175981525953,0.237727740385061,False,1.1541458269285039
deep,70000,4.0,13,65000,130000,3,64QAM,0.312965574085203,0.00022961796429903946,0.31251552287517687,0.3134156252952291,False,0.9439703352988735
deep,70000,4.0,14,70000,140000,0,BPSK,0.07717391183035714,0.00027052554310551106,0.07664368176587034,0.07770414189484394,False,1.0766018690896273
deep,70000,4.0,14,70000,140000,1,QPSK,0.12692300734747025,0.00030643812808338447,0.1263223886164268,0.1275236260785137,False,0.7693649994058056
deep,70000,4.0,14,70000,140000,2,16QAM,0.23711697126116071,0.00028172433659791676,0.2365647915614288,0.23766915096089264,False,0.6544917330492905
deep,70000,4.0,14,70000,140000,3,64QAM,0.3129390756758433,0.00022132475174150705,0.3125052791624299,0.31337287218925663,False,0.45561597852838426
deep,70000,6.0,1,5000,10000,0,BPSK,0.0546623046875,0.0009135668153325463,0.05287171372944821,0.056452895645551796,False,0.1260593108661864
deep,70000,6.0,1,5000,10000,1,QPSK,0.09345149739583333,0.0010908894066722825,0.09131335415875566,0.095589640632911,False,0.2907471440785052
deep,70000,6.0,1,5000,10000,2,16QAM,0.196606201171875,0.0011098639147979468,0.194430867898871,0.19878153444487898,False,0.23179708168616064
deep,70000,6.0,1,5000,10000,3,64QAM,0.27802978515625,0.0009247770687308804,0.2762172221015375,0.2798423482109625,False,0.2277444487217581
deep,70000,6.0,2,10000,20000,0,BPSK,0.054877408854166664,0.0006440747380959379,0.05361502236749863,0.0561397953408347,False,0.25381020083280176
deep,70000,6.0,2,10000,20000,1,QPSK,0.093897998046875,0.0007702776501790539,0.09238825385252405,0.09540774224122595,False,0.3793405166268827
deep,70000,6.0,2,10000,20000,2,16QAM,0.19721787923177084,0.0007844060468865973,0.19568044337987311,0.19875531508366856,False,0.38077650584253603
deep,70000,6.0,2,10000,20000,3,64QAM,0.27851144205729167,0.0006528793139026994,0.2772317986020424,0.27979108551254095,False,0.4513253995548118
deep,70000,6.0,3,15000,30000,0,BPSK,0.05403196614583333,0.0005198566207345998,0.053013047169193514,0.05505088512247315,False,0.14472738157645623
deep,70000,6.0,3,15000,30000,1,QPSK,0.09302073567708333,0.0006232633511654228,0.0917991395087991,0.09424233184536755,False,0.10071221358406673
deep,70000,6.0,3,15000,30000,2,16QAM,0.19653487413194445,0.0006367418299694604,0.1952868601452043,0.1977828881186846,False,0.14416420041340788
deep,70000,6.0,3,15000,30000,3,64QAM,0.27799591290509257,0.000530230261252577,0.2769566615930375,0.27903516421714764,False,0.26626133272108116
deep,70000,6.0,4,20000,40000,0,BPSK,0.054081884765625,0.0004504019163057406,0.05319909700966575,0.05496467252158425,False,0.44610316979532383
deep,70000,6.0,4,20000,40000,1,QPSK,0.0931275634765625,0.0005395679784290366,0.09207001023884158,0.09418511671428341,False,0.3833170280732409
deep,70000,6.0,4,20000,40000,2,16QAM,0.19674700927734376,0.0005509441018150241,0.19566715883778632,0.1978268597169012,False,0.5122034638108205
deep,70000,6.0,4,20000,40000,3,64QAM,0.27819794921875,0.00045851179683630667,0.2772992660969509,0.27909663234054916,False,0.5703578584927669
deep,70000,6.0,5,25000,50000,0,BPSK,0.05382736979166667,0.00040120656766426594,0.05304100491904471,0.05461373466428863,False,1.087996194201876
deep,70000,6.0,5,25000,50000,1,QPSK,0.09288785807291666,0.00048126718159703267,0.09194457439698647,0.09383114174884685,False,0.8886974640101186
deep,70000,6.0,5,25000,50000,2,16QAM,0.19656694661458332,0.0004920224128527909,0.19560258268539185,0.1975313105437748,False,0.7845193831776995
deep,70000,6.0,5,25000,50000,3,64QAM,0.2780541232638889,0.00040966919101404517,0.27725117164950136,0.27885707487827643,False,0.7212445529920346
deep,70000,6.0,6,30000,60000,0,BPSK,0.053949446614583334,0.0003664731556769698,0.053231159229456475,0.05466773399971019,False,1.436820983906574
deep,70000,6.0,6,30000,60000,1,QPSK,0.09306711154513889,0.0004394903716538015,0.09220571041669744,0.09392851267358034,False,1.2655534021980028
deep,70000,6.0,6,30000,60000,2,16QAM,0.19682006564670138,0.00044900912551847766,0.19594000776068515,0.1977001235327176,False,1.1819262176746237
deep,70000,6.0,6,30000,60000,3,64QAM,0.27827446650752313,0.0003736984782537399,0.2775420174901458,0.2790069155249005,False,1.1091226052862397
deep,70000,6.0,7,35000,70000,0,BPSK,0.05399633556547619,0.0003390289294370868,0.053331838863779506,0.05466083226717288,False,0.7561072211025746
deep,70000,6.0,7,35000,70000,1,QPSK,0.09314947916666666,0.0004068309574856795,0.09235209048999472,0.0939468678433386,False,0.48120024052634236
deep,70000,6.0,7,35000,70000,2,16QAM,0.19690505022321428,0.00041580086924086437,0.1960900805195022,0.19772001992692637,False,0.42237071202655474
deep,70000,6.0,7,35000,70000,3,64QAM,0.2783320824032738,0.00034609487471561637,0.2776537364488312,0.2790104283577164,False,0.335188838194694
deep,70000,6.0,8,40000,80000,0,BPSK,0.05386873372395833,0.0003169953801047482,0.05324742277895303,0.054490044668963636,False,0.8478540087384859
deep,70000,6.0,8,40000,80000,1,QPSK,0.09298015543619792,0.0003803648241004153,0.0922346403809611,0.09372567049143474,False,0.5905614597115303
deep,70000,6.0,8,40000,80000,2,16QAM,0.19675105387369793,0.0003887837841678402,0.19598903765672895,0.1975130700906669,False,0.574026202149894
deep,70000,6.0,8,40000,80000,3,64QAM,0.2781973334418403,0.0003235673861957685,0.27756314136489657,0.278831525518784,False,0.49535362296259905
deep,70000,6.0,9,45000,90000,0,BPSK,0.05356527777777778,0.00029758909716357906,0.05298200314733716,0.0541485524082184,False,1.205145139823581
deep,70000,6.0,9,45000,90000,1,QPSK,0.09265279586226852,0.0003575994140070879,0.09195190101081463,0.0933536907137224,False,0.93451794416273
deep,70000,6.0,9,45000,90000,2,16QAM,0.19647749385127314,0.00036583685730525,0.19576045361095484,0.19719453409159143,False,0.8718375592400429
deep,70000,6.0,9,45000,90000,3,64QAM,0.27800113932291665,0.0003045495238727077,0.27740422225612615,0.27859805638970714,False,0.7653139434826902
deep,70000,6.0,10,50000,100000,0,BPSK,0.0535241796875,0.00028197036737000924,0.05297151776745478,0.054076841607545216,False,0.9609180550991758
deep,70000,6.0,10,50000,100000,1,QPSK,0.092635166015625,0.0003390076316740601,0.09197071105754386,0.09329962097370616,False,0.6879455358089939
deep,70000,6.0,10,50000,100000,2,16QAM,0.19645342936197915,0.0003468892322704933,0.195773526466729,0.19713333225722932,False,0.6406109036488227
deep,70000,6.0,10,50000,100000,3,64QAM,0.2779930121527778,0.0002888444470113724,0.2774268770366355,0.27855914726892006,False,0.5381292505219095
deep,70000,6.0,11,55000,110000,0,BPSK,0.0535004912405303,0.00026868070821531553,0.05297387705242828,0.05402710542863232,False,1.1007737720160307
deep,70000,6.0,11,55000,110000,1,QPSK,0.09262304095643939,0.0003230997517614744,0.0919897654429869,0.09325631646989188,False,0.848326590955221
deep,70000,6.0,11,55000,110000,2,16QAM,0.1964598174124053,0.00033067948853160304,0.19581168561488338,0.19710794920992725,False,0.6962688459383655
deep,70000,6.0,11,55000,110000,3,64QAM,0.277988506155303,0.0002753510845884686,0.2774488180295096,0.27852819428109643,False,0.5524093990261859
deep,70000,6.0,12,60000,120000,0,BPSK,0.05348439670138889,0.00025671984384601485,0.052981225807450696,0.05398756759532708,False,0.9682447600293372
deep,70000,6.0,12,60000,120000,1,QPSK,0.09263801540798611,0.00030902374265949815,0.09203232887237349,0.09324370194359873,False,0.8843857450274388
deep,70000,6.0,12,60000,120000,2,16QAM,0.19649338243272568,0.00031655056103454057,0.195872943333098,0.19711382153235338,False,0.8102045844124321
deep,70000,6.0,12,60000,120000,3,64QAM,0.27800517668547453,0.0002636607541339911,0.2774884016073719,0.27852195176357714,False,0.7332633963367925
deep,70000,6.0,13,65000,130000,0,BPSK,0.05342988782051282,0.0002464055621274786,0.05294693291874296,0.05391284272228268,False,1.1425910727854331
deep,70000,6.0,13,65000,130000,1,QPSK,0.0925765875400641,0.0002966683535757371,0.09199511756705567,0.09315805751307255,False,1.0742639208159348
deep,70000,6.0,13,65000,130000,2,16QAM,0.19646045547876603,0.00030397548459326737,0.19586466352896323,0.19705624742856884,False,1.017808443366759
deep,70000,6.0,13,65000,130000,3,64QAM,0.2779846195579594,0.00025320947403241646,0.27748832898885584,0.27848091012706294,False,0.92062250421442
deep,70000,6.0,14,70000,140000,0,BPSK,0.05341476469494048,0.0002374295182347867,0.05294940283920029,0.05388012655068066,False,1.5557053135303345
deep,70000,6.0,14,70000,140000,1,QPSK,0.09256354631696428,0.0002858253243233125,0.09200332868129059,0.09312376395263798,False,1.51161023009033
deep,70000,6.0,14,70000,140000,2,16QAM,0.19646700730096725,0.00029283013373725104,0.19589306023884223,0.19704095436309227,False,1.4294395902429877
deep,70000,6.0,14,70000,140000,3,64QAM,0.2779982142857143,0.00024390628546365822,0.27752015796620555,0.27847627060522306,False,1.3097557568738485
deep,70000,8.0,1,5000,10000,0,BPSK,0.03562005208333333,0.000751320527434038,0.03414746384956262,0.03709264031710405,False,0.4484979352538794
deep,70000,8.0,1,5000,10000,1,QPSK,0.06455777994791667,0.000949307674570794,0.06269713690575791,0.06641842299007543,False,0.15159018841981134
deep,70000,8.0,1,5000,10000,2,16QAM,0.15630862630208334,0.0010971018563076186,0.1541583066637204,0.15845894594044627,False,0.08298559968454237
deep,70000,8.0,1,5000,10000,3,64QAM,0.24075022786458333,0.0009719199934135405,0.23884526467749279,0.24265519105167388,False,0.13873052065138947
deep,70000,8.0,2,10000,20000,0,BPSK,0.035283138020833334,0.0005296034514404325,0.03424511525601009,0.03632116078565658,False,2.280960427410213
deep,70000,8.0,2,10000,20000,1,QPSK,0.06419861653645834,0.0006687801540487223,0.06288780743452284,0.06550942563839383,False,2.0609924312390304
deep,70000,8.0,2,10000,20000,2,16QAM,0.15609322916666668,0.0007723582563855726,0.15457940698415096,0.1576070513491824,False,1.6721262471565244
deep,70000,8.0,2,10000,20000,3,64QAM,0.24066900499131944,0.0006841613184570246,0.23932804880714367,0.2420099611754952,False,1.572268371593185
deep,70000,8.0,3,15000,30000,0,BPSK,0.03543760850694445,0.00043273430413990423,0.034589449270830235,0.03628576774305866,False,2.695864857486917
deep,70000,8.0,3,15000,30000,1,QPSK,0.0644331271701389,0.0005468052251715848,0.0633613889288026,0.0655048654114752,False,2.6122733059608922
deep,70000,8.0,3,15000,30000,2,16QAM,0.1563938747829861,0.000631387126264879,0.15515635601550695,0.15763139355046527,False,2.2653662734193363
deep,70000,8.0,3,15000,30000,3,64QAM,0.2409167426215278,0.0005592506654436684,0.2398206113172582,0.24201287392579737,False,2.135164364230538
deep,70000,8.0,4,20000,40000,0,BPSK,0.035319775390625,0.000374149891302133,0.03458644160367282,0.03605310917757718,False,2.237084136012593
deep,70000,8.0,4,20000,40000,1,QPSK,0.064317626953125,0.00047304053265364036,0.06339046750912386,0.06524478639712614,False,2.2263648392048374
deep,70000,8.0,4,20000,40000,2,16QAM,0.156425634765625,0.0005456383223260997,0.15535618365386583,0.15749508587738414,False,2.088500878046885
deep,70000,8.0,4,20000,40000,3,64QAM,0.24100297580295138,0.00048317140437302076,0.24005595985038025,0.2419499917555225,False,2.051309380136793
deep,70000,8.0,5,25000,50000,0,BPSK,0.03533302083333333,0.0003338198819601313,0.034678733864691474,0.03598730780197519,False,1.5891890005617244
deep,70000,8.0,5,25000,50000,1,QPSK,0.06435421875,0.0004226663567806658,0.06352579269070989,0.0651826448092901,False,1.81635692271159
deep,70000,8.0,5,25000,50000,2,16QAM,0.15649192057291667,0.00048787705173471656,0.15553568155151662,0.1574481595943167,False,2.0249790053134773
deep,70000,8.0,5,25000,50000,3,64QAM,0.24106849609375,0.0004321298189026314,0.24022152164870084,0.24191547053879917,False,2.051632127588631
deep,70000,8.0,6,30000,60000,0,BPSK,0.035223253038194444,0.0003040123451269703,0.034627388841745585,0.0358191172346433,False,2.017806250935443
deep,70000,8.0,6,30000,60000,1,QPSK,0.06421139322916666,0.00038522002824867453,0.06345636197379927,0.06496642448453406,False,2.132260090749703
deep,70000,8.0,6,30000,60000,2,16QAM,0.15635496961805556,0.0004448430282648971,0.15548307728265637,0.15722686195345476,False,2.1576156641180377
deep,70000,8.0,6,30000,60000,3,64QAM,0.24097305049189816,0.0003942356767495884,0.24020034856546896,0.24174575241832735,False,2.065978776631001
deep,70000,8.0,7,35000,70000,0,BPSK,0.03544220610119048,0.00028298296330838595,0.03488755949310604,0.03599685270927491,False,2.2143282580795325
deep,70000,8.0,7,35000,70000,1,QPSK,0.0644043433779762,0.00035796518093598686,0.06370273162334165,0.06510595513261073,False,2.48237085481314
deep,70000,8.0,7,35000,70000,2,16QAM,0.15646614583333332,0.0004128576940958157,0.15565694475290554,0.1572753469137611,False,2.5787099559100572
deep,70000,8.0,7,35000,70000,3,64QAM,0.24103066871279763,0.00036562581751329416,0.24031404211047158,0.24174729531512368,False,2.511176076509882
deep,70000,8.0,8,40000,80000,0,BPSK,0.035577449544270834,0.0002653722058732559,0.03505732002075925,0.036097579067782416,False,1.509751580312908
deep,70000,8.0,8,40000,80000,1,QPSK,0.06452939860026041,0.00033557880105351194,0.06387166415019553,0.0651871330503253,False,1.9136181982113636
deep,70000,8.0,8,40000,80000,2,16QAM,0.1564929158528646,0.0003869113888307114,0.1557345695307564,0.1572512621749728,False,2.1238413534729257
deep,70000,8.0,8,40000,80000,3,64QAM,0.24100388861762154,0.0003425837647562874,0.2403324244386992,0.24167535279654387,False,2.092397764519667
deep,70000,8.0,9,45000,90000,0,BPSK,0.035686487268518516,0.00025080724467569493,0.03519490506895415,0.03617806946808288,False,0.8424173779244926
deep,70000,8.0,9,45000,90000,1,QPSK,0.0646525607638889,0.0003169316520727003,0.0640313747258264,0.06527374680195139,False,1.2732673320470032
deep,70000,8.0,9,45000,90000,2,16QAM,0.15662420609085648,0.0003651481051238305,0.15590851580481377,0.15733989637689919,False,1.522162119197916
deep,70000,8.0,9,45000,90000,3,64QAM,0.24111285445601852,0.0003232075659638648,0.24047936762672933,0.2417463412853077,False,1.485029691722041
deep,70000,8.0,10,50000,100000,0,BPSK,0.03561923828125,0.0002379045139148762,0.035152945433976845,0.036085531128523154,False,1.2813469272779452
deep,70000,8.0,10,50000,100000,1,QPSK,0.06453804361979167,0.0003005861705637406,0.06394889472548673,0.0651271925140966,False,1.727945208242922
deep,70000,8.0,10,50000,100000,2,16QAM,0.1564994873046875,0.00034625406756644825,0.15582082933225724,0.15717814527711774,False,2.054531930452627
deep,70000,8.0,10,50000,100000,3,64QAM,0.24100299913194445,0.0003064921951460849,0.24040227442945813,0.24160372383443077,False,2.039179196306982
deep,70000,8.0,11,55000,110000,0,BPSK,0.03550164535984848,0.00022615895982190478,0.035058373798597546,0.03594491692109942,False,2.0194558656035144
deep,70000,8.0,11,55000,110000,1,QPSK,0.06442502071496212,0.0002861115888001249,0.06386424200091387,0.06498579942901037,False,2.4375610253281024
deep,70000,8.0,11,55000,110000,2,16QAM,0.15638799272017045,0.0003298567898600742,0.1557414734120447,0.1570345120282962,False,2.5727922986200853
deep,70000,8.0,11,55000,110000,3,64QAM,0.24090388948074495,0.00029202818830171136,0.2403315142316736,0.24147626472981631,False,2.473834525323209
deep,70000,8.0,12,60000,120000,0,BPSK,0.03552964409722222,0.00021670831479392956,0.03510489580022612,0.035954392394218326,False,1.4149482676050396
deep,70000,8.0,12,60000,120000,1,QPSK,0.06444781629774306,0.0002740883400502867,0.0639106031512445,0.06498502944424162,False,1.791674586495991
deep,70000,8.0,12,60000,120000,2,16QAM,0.1564013943142361,0.0003159048956075526,0.15578222071884532,0.1570205679096269,False,1.9238433203377054
deep,70000,8.0,12,60000,120000,3,64QAM,0.24091491970486112,0.0002796357354060013,0.24036683366346537,0.24146300574625687,False,1.8009010405744577
deep,70000,8.0,13,65000,130000,0,BPSK,0.03561978165064102,0.0002085627371070098,0.035210998685911286,0.03602856461537076,False,1.3132691121947353
deep,70000,8.0,13,65000,130000,1,QPSK,0.06455308994391025,0.0002636379577200835,0.06403635954677889,0.06506982034104161,False,1.5993416180292475
deep,70000,8.0,13,65000,130000,2,16QAM,0.15652364032451924,0.00030370507771000307,0.15592837837220763,0.15711890227683084,False,1.6796220421919992
deep,70000,8.0,13,65000,130000,3,64QAM,0.2410141342815171,0.0002687922811743751,0.24048730141041533,0.24154096715261889,False,1.5921051249005587
deep,70000,8.0,14,70000,140000,0,BPSK,0.0355260974702381,0.00020086173655341788,0.0351324084665934,0.035919786473882796,False,1.3001583184085903
deep,70000,8.0,14,70000,140000,1,QPSK,0.06441744559151785,0.0002538014489554352,0.06391999475156519,0.06491489643147051,False,1.680200783285615
deep,70000,8.0,14,70000,140000,2,16QAM,0.15637942940848215,0.00029238558236276103,0.15580635366705115,0.15695250514991316,False,1.7330493909276141
deep,70000,8.0,14,70000,140000,3,64QAM,0.24090279327876984,0.00025881139777465616,0.24039552293913152,0.24141006361840817,False,1.6628618757472378
deep,70000,10.0,1,5000,10000,0,BPSK,0.023700846354166666,0.000633700137949894,0.022458794083784872,0.02494289862454846,False,0.015101517990286997
deep,70000,10.0,1,5000,10000,1,QPSK,0.04391822916666667,0.0008272102849426318,0.04229689700817911,0.04553956132515423,False,0.15244081649915286
deep,70000,10.0,1,5000,10000,2,16QAM,0.11951350911458333,0.0010613703594692275,0.11743322321002364,0.12159379501914303,False,0.5810519744156365
deep,70000,10.0,1,5000,10000,3,64QAM,0.20325196397569445,0.0010057075790290638,0.20128077712079748,0.20522315083059142,False,0.6959123199555224
deep,70000,10.0,2,10000,20000,0,BPSK,0.02384599609375,0.00044758013692656784,0.022968739025373927,0.02472325316212607,False,0.1248727252991716
deep,70000,10.0,2,10000,20000,1,QPSK,0.044345751953125,0.0005857631379971172,0.04319765620265065,0.04549384770359935,False,0.10022178836962031
deep,70000,10.0,2,10000,20000,2,16QAM,0.12029615885416667,0.000751310430408126,0.11882359041056674,0.1217687272977666,False,0.1939489843037091
deep,70000,10.0,2,10000,20000,3,64QAM,0.203997314453125,0.000711830021990426,0.20260212761002375,0.20539250129622624,False,0.28247616948914583
deep,70000,10.0,3,15000,30000,0,BPSK,0.023560264756944446,0.0003626902586960344,0.022849391849900216,0.024271137663988675,False,0.5405982955834159
deep,70000,10.0,3,15000,30000,1,QPSK,0.04388671875,0.00047523293916490553,0.04295526218923678,0.044818175310763216,False,0.27046808026242997
deep,70000,10.0,3,15000,30000,2,16QAM,0.11963401150173611,0.000611945208688285,0.11843459889270708,0.12083342411076514,False,0.2544871047694512
deep,70000,10.0,3,15000,30000,3,64QAM,0.2032935619212963,0.0005803936289950935,0.2021559904084659,0.2044311334341267,False,0.2859356244022325
deep,70000,10.0,4,20000,40000,0,BPSK,0.02319443359375,0.0003104946842729377,0.022585864012575042,0.02380300317492496,False,1.1250355776113135
deep,70000,10.0,4,20000,40000,1,QPSK,0.0434900634765625,0.00040789682779012674,0.042690585694093855,0.044289541259031145,False,0.8421559703334411
deep,70000,10.0,4,20000,40000,2,16QAM,0.11932889404296874,0.0005273079903105821,0.11829537038196,0.12036241770397749,False,0.5940709733608326
deep,70000,10.0,4,20000,40000,3,64QAM,0.20307247721354166,0.0005008844230483074,0.20209074374436697,0.20405421068271634,False,0.5082975680691578
deep,70000,10.0,5,25000,50000,0,BPSK,0.023287799479166666,0.0002783784253440784,0.022742177765492273,0.02383342119284106,False,0.7603058768337705
deep,70000,10.0,5,25000,50000,1,QPSK,0.04361806640625,0.00036563723863254264,0.04290141741853022,0.044334715393969784,False,0.5995665458540922
deep,70000,10.0,5,25000,50000,2,16QAM,0.11946345052083333,0.0004722219960651811,0.11853789540854558,0.12038900563312109,False,0.21184550447739617
deep,70000,10.0,5,25000,50000,3,64QAM,0.20320457899305555,0.00044823443633757717,0.2023260394978339,0.2040831184882772,False,0.08355423410405483
deep,70000,10.0,6,30000,60000,0,BPSK,0.023295247395833333,0.0002539562600665933,0.02279749312610281,0.023793001665563855,False,0.9199885587179217
deep,70000,10.0,6,30000,60000,1,QPSK,0.04363406032986111,0.00033378831520200345,0.04297983523206519,0.04428828542765704,False,0.7029763103570313
deep,70000,10.0,6,30000,60000,2,16QAM,0.1194274631076389,0.0004311340613283387,0.11858244034743536,0.12027248586784244,False,0.09095566588126619
deep,70000,10.0,6,30000,60000,3,64QAM,0.20316827437789353,0.0004092011392217894,0.20236624014501883,0.20397030861076823,False,0.13106692473388934
deep,70000,10.0,7,35000,70000,0,BPSK,0.023213439360119048,0.0002345726744616061,0.0227536769181743,0.023673201802063795,False,1.7811048215000642
deep,70000,10.0,7,35000,70000,1,QPSK,0.04353845796130952,0.00030838921431786625,0.0429340151012465,0.04414290082137254,False,1.6205323190557244
deep,70000,10.0,7,35000,70000,2,16QAM,0.11933282180059523,0.0003986611057335848,0.1185514460333574,0.12011419756783306,False,0.9790487673611324
deep,70000,10.0,7,35000,70000,3,64QAM,0.2031060035342262,0.0003784432563052198,0.20236425475186798,0.20384775231658442,False,0.6591115104812301
deep,70000,10.0,8,40000,80000,0,BPSK,0.02326513671875,0.00021950112259503778,0.022834914518463725,0.023695358919036274,False,1.9818473838473927
deep,70000,10.0,8,40000,80000,1,QPSK,0.04360557861328125,0.0002886652654421155,0.04303979469301471,0.044171362533547795,False,1.8605950211970088
deep,70000,10.0,8,40000,80000,2,16QAM,0.11937838745117188,0.00037318939529772647,0.11864693623638833,0.12010983866595543,False,1.2299823351971388
deep,70000,10.0,8,40000,80000,3,64QAM,0.20313516574435764,0.00035421260671779565,0.20244090903519077,0.2038294224535245,False,0.9344483616266486
deep,70000,10.0,9,45000,90000,0,BPSK,0.023314308449074075,0.00020711927715786311,0.022908354665844663,0.023720262232303488,False,1.608345010623662
deep,70000,10.0,9,45000,90000,1,QPSK,0.0436764576099537,0.0002722570263609048,0.04314283383828633,0.04421008138162107,False,1.551060088935718
deep,70000,10.0,9,45000,90000,2,16QAM,0.11950277958622685,0.0003520596522745667,0.1188127426677687,0.120192816504685,False,1.0892581113138762
deep,70000,10.0,9,45000,90000,3,64QAM,0.20324684727044753,0.00033414207309243645,0.20259192880718635,0.20390176573370872,False,0.8638858757762602
deep,70000,10.0,10,50000,100000,0,BPSK,0.0233482421875,0.00019651593888324266,0.022963070947288843,0.023733413427711157,False,1.3938184488466474
deep,70000,10.0,10,50000,100000,1,QPSK,0.04373439453125,0.0002583940017393801,0.04322794228784081,0.044240846774659184,False,1.3620851402425276
deep,70000,10.0,10,50000,100000,2,16QAM,0.11956529296875,0.00033416941354464877,0.11891032091820249,0.12022026501929751,False,0.8788200954028575
deep,70000,10.0,10,50000,100000,3,64QAM,0.203295380859375,0.00031716598302955734,0.20267373553263707,0.20391702618611296,False,0.6099429919040695
deep,70000,10.0,11,55000,110000,0,BPSK,0.02337107599431818,0.00018764136924987143,0.023003298910588433,0.02373885307804793,False,1.3372856646027962
deep,70000,10.0,11,55000,110000,1,QPSK,0.04375716145833333,0.0002465565508835299,0.04327391061860161,0.04424041229806505,False,1.3861196349585172
deep,70000,10.0,11,55000,110000,2,16QAM,0.1196365145596591,0.00031857008911103583,0.11901211718500146,0.12026091193431673,False,1.0823853889232786
deep,70000,10.0,11,55000,110000,3,64QAM,0.20338218907828282,0.00030230131987319026,0.20278967849133137,0.20397469966523427,False,0.8602781447825644
deep,70000,10.0,12,60000,120000,0,BPSK,0.023457948133680556,0.00018016181824584418,0.0231048309699187,0.02381106529744241,False,1.557160932678568
deep,70000,10.0,12,60000,120000,1,QPSK,0.04386209038628472,0.00023652813422971606,0.043398495243194474,0.044325685529374964,False,1.599012935645946
deep,70000,10.0,12,60000,120000,2,16QAM,0.11978010389539931,0.0003052833189126782,0.11918174859033046,0.12037845920046816,False,1.1840691869635585
deep,70000,10.0,12,60000,120000,3,64QAM,0.2035232376663773,0.0002895494741042321,0.20295572069713302,0.2040907546356216,False,0.914977590163598
deep,70000,10.0,13,65000,130000,0,BPSK,0.023442788461538463,0.00017274314667675694,0.02310421189405202,0.023781365029024906,False,1.0762080501307363
deep,70000,10.0,13,65000,130000,1,QPSK,0.04386385466746795,0.00022707876663853903,0.04341878028485641,0.044308929050079486,False,1.253545518513774
deep,70000,10.0,13,65000,130000,2,16QAM,0.11976701096754808,0.0002933211122192711,0.11919210158759831,0.12034192034749784,False,0.8881148760634413
deep,70000,10.0,13,65000,130000,3,64QAM,0.20351004356971153,0.00027820484582407283,0.20296476207189634,0.20405532506752672,False,0.6144174753612209
deep,70000,10.0,14,70000,140000,0,BPSK,0.02343812779017857,0.0001665787354742608,0.023111633468649022,0.02376462211170812,False,0.4126886051849111
deep,70000,10.0,14,70000,140000,1,QPSK,0.043856270926339286,0.00021883729607354181,0.04342734982603515,0.044285192026643425,False,0.645669985338979
deep,70000,10.0,14,70000,140000,2,16QAM,0.11980535016741072,0.00028253663935542196,0.1192515783542741,0.12035912198054734,False,0.4187428529423799
deep,70000,10.0,14,70000,140000,3,64QAM,0.20356581333705356,0.00026794787041789893,0.2030406355110345,0.20409099116307264,False,0.21162609196744653
deep,70000,12.0,1,5000,10000,0,BPSK,0.015679361979166667,0.0005325938485138961,0.014635478036079431,0.016723245922253903,False,0.18542882565857188
deep,70000,12.0,1,5000,10000,1,QPSK,0.02938199869791667,0.0007058684932308322,0.027998496451184237,0.0307655009446491,False,0.3758782835242171
deep,70000,12.0,1,5000,10000,2,16QAM,0.08780397135416666,0.0009884785599626072,0.08586655337663995,0.08974138933169337,False,0.8599290998576335
deep,70000,12.0,1,5000,10000,3,64QAM,0.16653702256944444,0.001011917465994525,0.16455366433609517,0.16852038080279372,False,1.1865993858988448
deep,70000,12.0,2,10000,20000,0,BPSK,0.015896712239583333,0.0003779366958544165,0.015155956315708676,0.01663746816345799,False,0.9645799178262532
deep,70000,12.0,2,10000,20000,1,QPSK,0.029684440104166668,0.0005011627883799536,0.028702161038941958,0.030666719169391378,False,1.065624386862087
deep,70000,12.0,2,10000,20000,2,16QAM,0.08825267740885416,0.0007017214564475346,0.08687730335421699,0.08962805146349133,False,1.0250915184197853
deep,70000,12.0,2,10000,20000,3,64QAM,0.16701620551215277,0.000717017779312079,0.1656108506647011,0.16842156035960443,False,1.0431791468230094
deep,70000,12.0,3,15000,30000,0,BPSK,0.015798980034722222,0.0003055795693584109,0.015200044078779737,0.01639791599066471,False,0.5081213970559321
deep,70000,12.0,3,15000,30000,1,QPSK,0.029684722222222223,0.00040688592878958697,0.028887225801794633,0.030482218642649814,False,0.7121272661994005
deep,70000,12.0,3,15000,30000,2,16QAM,0.08853359375,0.0005720818397726596,0.08741231334404559,0.08965487415595441,False,1.3716969263404861
deep,70000,12.0,3,15000,30000,3,64QAM,0.16732545934606483,0.0005850954265416771,0.16617867231004313,0.16847224638208652,False,1.671247983509584
deep,70000,12.0,4,20000,40000,0,BPSK,0.01550791015625,0.00026135127707934607,0.014995661653174482,0.016020158659325517,False,0.18134696291118127
deep,70000,12.0,4,20000,40000,1,QPSK,0.029347884114583334,0.000348772770930342,0.028664289483559865,0.030031478745606802,False,0.3933953363934633
deep,70000,12.0,4,20000,40000,2,16QAM,0.08823979085286458,0.0004926963367935718,0.08727410603274918,0.08920547567297998,False,1.1041607892916865
deep,70000,12.0,4,20000,40000,3,64QAM,0.1670890380859375,0.0005049968232080101,0.1660992443124498,0.1680788318594252,False,1.4588196710551158
deep,70000,12.0,5,25000,50000,0,BPSK,0.015690130208333333,0.00023508837726076142,0.01522935698890224,0.016150903427764426,False,0.8706810911108714
deep,70000,12.0,5,25000,50000,1,QPSK,0.029608307291666667,0.00031345767653099654,0.028993930245665912,0.03022268433766742,False,1.0860902292152614
deep,70000,12.0,5,25000,50000,2,16QAM,0.08853414713541667,0.00044247059632897707,0.08766690476661188,0.08940138950422147,False,1.4291941432318354
deep,70000,12.0,5,25000,50000,3,64QAM,0.16730847873263888,0.000453113833526384,0.16642037561892717,0.16819658184635058,False,1.605395343023378
deep,70000,12.0,6,30000,60000,0,BPSK,0.015498654513888889,0.0002122268400644177,0.01508268990736263,0.015914619120415148,False,0.33232832860719774
deep,70000,12.0,6,30000,60000,1,QPSK,0.029376085069444443,0.00028404712587380216,0.028819352702731792,0.029932817436157094,False,0.6884815614730048
deep,70000,12.0,6,30000,60000,2,16QAM,0.0882252197265625,0.0004025834172247331,0.08743615622880202,0.08901428322432298,False,1.224336463889058
deep,70000,12.0,6,30000,60000,3,64QAM,0.16702178819444444,0.0004127253076657133,0.16621284659141963,0.16783072979746924,False,1.4686371507098546
deep,70000,12.0,7,35000,70000,0,BPSK,0.015418359375,0.00019534024653149583,0.015035492491798268,0.015801226258201732,False,0.9627198734734242
deep,70000,12.0,7,35000,70000,1,QPSK,0.029317945498511903,0.00026200714350371583,0.02880441149724462,0.029831479499779188,False,1.2682774862786006
deep,70000,12.0,7,35000,70000,2,16QAM,0.0882743419828869,0.0003720769901488382,0.08754507108219518,0.08900361288357862,False,1.8561358397925234
deep,70000,12.0,7,35000,70000,3,64QAM,0.16713694351438493,0.0003814964995914369,0.16638921037518573,0.16788467665358414,False,2.0813744460794736
deep,70000,12.0,8,40000,80000,0,BPSK,0.015444075520833333,0.00018215438110690823,0.015087052933863792,0.015801098107802874,False,1.1773180594126817
deep,70000,12.0,8,40000,80000,1,QPSK,0.029386226399739583,0.00024498018653776885,0.028906065234125557,0.02986638756535361,False,1.3764908531739481
deep,70000,12.0,8,40000,80000,2,16QAM,0.08836099650065105,0.0003483513713471774,0.08767822781281058,0.08904376518849151,False,1.4591772702468824
deep,70000,12.0,8,40000,80000,3,64QAM,0.16719127875434028,0.0003571570097936672,0.1664912510151447,0.16789130649353587,False,1.4184705575365921
deep,70000,12.0,9,45000,90000,0,BPSK,0.015336812789351851,0.00017098379316920562,0.015001684554740208,0.015671941023963493,False,0.8745250358313538
deep,70000,12.0,9,45000,90000,1,QPSK,0.029243268952546295,0.00023019300402871205,0.02879209066465002,0.02969444724044257,False,1.0498913974300221
deep,70000,12.0,9,45000,90000,2,16QAM,0.08816296115451389,0.00032776129700579033,0.08752054901238254,0.08880537329664523,False,1.1003335818561515
deep,70000,12.0,9,45000,90000,3,64QAM,0.1669992717978395,0.000336317037494769,0.16634009040434974,0.16765845319132924,False,1.0645316588377391
deep,70000,12.0,10,50000,100000,0,BPSK,0.01525365234375,0.0001615677165997745,0.014936979619214441,0.015570325068285559,False,0.8014314258798655
deep,70000,12.0,10,50000,100000,1,QPSK,0.029133671875,0.00021770555928287615,0.028706968978805564,0.029560374771194435,False,1.058387327768218
deep,70000,12.0,10,50000,100000,2,16QAM,0.0880135791015625,0.00031041027167365417,0.08740517496908214,0.08862198323404287,False,1.1578225942825198
deep,70000,12.0,10,50000,100000,3,64QAM,0.16687140733506944,0.0003187026312201943,0.16624675017787785,0.16749606449226104,False,1.0869919067424276
deep,70000,12.0,11,55000,110000,0,BPSK,0.015271158854166666,0.0001541854736185692,0.014968955325874271,0.015573362382459061,False,0.6407754581687204
deep,70000,12.0,11,55000,110000,1,QPSK,0.029171410392992425,0.0002076516398473337,0.02876441317889165,0.0295784076070932,False,0.8813916586075486
deep,70000,12.0,11,55000,110000,2,16QAM,0.08812454427083333,0.00029601414009739515,0.08754435655624243,0.08870473198542422,False,1.1071689703319234
deep,70000,12.0,11,55000,110000,3,64QAM,0.1670106563683712,0.0003038824648523992,0.16641504673726049,0.16760626599948192,False,1.0939526343925956
deep,70000,12.0,12,60000,120000,0,BPSK,0.015241010199652778,0.00014743936473790673,0.01495202904476648,0.015529991354539075,False,0.6369937457855355
deep,70000,12.0,12,60000,120000,1,QPSK,0.029144528537326388,0.00019863421004763363,0.028755205485633026,0.02953385158901975,False,0.8620464372121733
deep,70000,12.0,12,60000,120000,2,16QAM,0.08808763970269097,0.000283275491924295,0.08753241973851936,0.08864285966686258,False,1.1022911584436736
deep,70000,12.0,12,60000,120000,3,64QAM,0.1669730369285301,0.00029088813053037774,0.16640289619269055,0.16754317766436966,False,1.1275677223981977
deep,70000,12.0,13,65000,130000,0,BPSK,0.01523652844551282,0.0001415821178275935,0.014959027494570737,0.015514029396454904,False,0.6443310619660917
deep,70000,12.0,13,65000,130000,1,QPSK,0.029165978064903845,0.00019077476318476484,0.028792059529061706,0.029539896600745984,False,1.020202743555289
deep,70000,12.0,13,65000,130000,2,16QAM,0.0881324481670673,0.00027219873343152675,0.08759893864954152,0.0886659576845931,False,1.348186146317365
deep,70000,12.0,13,65000,130000,3,64QAM,0.16701660907451923,0.0002795355920853401,0.16646871931403195,0.16756449883500651,False,1.3860863698840182
deep,70000,12.0,14,70000,140000,0,BPSK,0.015193833705357143,0.0001361488031065047,0.014926982051268394,0.015460685359445892,False,0.3503710824753233
deep,70000,12.0,14,70000,140000,1,QPSK,0.02912841564360119,0.0001835459379570913,0.02876866560520529,0.02948816568199709,False,0.6817745246079319
deep,70000,12.0,14,70000,140000,2,16QAM,0.08810827985491071,0.0002621231012419385,0.08759451857647652,0.0886220411333449,False,1.0590962284326335
deep,70000,12.0,14,70000,140000,3,64QAM,0.16698167937748015,0.0002693299146226902,0.16645379274481967,0.16750956601014064,False,1.153623624338753
deep,70000,14.0,1,5000,10000,0,BPSK,0.009261197916666667,0.00039284487445019937,0.008491221962744277,0.010031173870589057,True,0.2674675251859866
deep,70000,14.0,1,5000,10000,1,QPSK,0.018321451822916668,0.0005498676343257226,0.01724371125963825,0.019399192386195085,False,0.3943135704566469
deep,70000,14.0,1,5000,10000,2,16QAM,0.06135289713541667,0.0008614834153765811,0.05966438964127857,0.06304140462955476,False,0.4488807345348023
deep,70000,14.0,1,5000,10000,3,64QAM,0.13135139973958335,0.0009731179066080313,0.1294440886426316,0.1332587108365351,False,0.34802343941137226
deep,70000,14.0,2,10000,20000,0,BPSK,0.009444759114583333,0.0002803509764109492,0.008895271200817872,0.009994247028348793,False,1.5089222513129392
deep,70000,14.0,2,10000,20000,1,QPSK,0.018589404296875,0.00039263805469441307,0.017819833709673952,0.01935897488407605,False,1.7584056327048112
deep,70000,14.0,2,10000,20000,2,16QAM,0.06141168619791667,0.0006130987909764268,0.060210012567602875,0.06261335982823046,False,2.1021054298404636
deep,70000,14.0,2,10000,20000,3,64QAM,0.1313336697048611,0.0006907126586342201,0.12997987289393803,0.13268746651578417,False,2.135084240442196
deep,70000,14.0,3,15000,30000,0,BPSK,0.009577300347222222,0.00023193481507134594,0.009122708109682383,0.01003189258476206,True,1.512258391114761
deep,70000,14.0,3,15000,30000,1,QPSK,0.018798187934027776,0.0003229900022000085,0.01816512752971576,0.019431248338339792,False,1.6783995073179212
deep,70000,14.0,3,15000,30000,2,16QAM,0.06185818684895834,0.0005030152797022865,0.06087227690074185,0.06284409679717481,False,1.761714489925063
deep,70000,14.0,3,15000,30000,3,64QAM,0.13176778428819444,0.0005661525611797608,0.1306581252682821,0.13287744330810677,False,1.6279450338313277
deep,70000,14.0,4,20000,40000,0,BPSK,0.009463330078125,0.00020063527989317215,0.009070084929534383,0.009856575226715618,False,0.10148303046503203
deep,70000,14.0,4,20000,40000,1,QPSK,0.0185966552734375,0.0002783983574956312,0.01805099449274606,0.019142316054128937,False,0.031131232345180115
deep,70000,14.0,4,20000,40000,2,16QAM,0.0616992919921875,0.0004337200441443761,0.060849200705664526,0.06254938327871049,False,0.10207110852722373
deep,70000,14.0,4,20000,40000,3,64QAM,0.13172682020399307,0.0004883531096916754,0.13076964810899738,0.13268399229898875,False,0.1765663207387886
deep,70000,14.0,5,25000,50000,0,BPSK,0.009473984375,0.00018059451126522356,0.009120019132920161,0.009827949617079838,False,0.4278368883840375
deep,70000,14.0,5,25000,50000,1,QPSK,0.018558626302083332,0.000249422906286528,0.01806975740576174,0.019047495198404926,False,0.45800676523350636
deep,70000,14.0,5,25000,50000,2,16QAM,0.06155196614583333,0.0003878602194554641,0.06079176011570062,0.06231217217596604,False,0.354808195428543
deep,70000,14.0,5,25000,50000,3,64QAM,0.13151529296875,0.00043668039113476564,0.13065939940212587,0.13237118653537414,False,0.25088929425836703
deep,70000,14.0,6,30000,60000,0,BPSK,0.009432042100694444,0.00016450836712605894,0.009109605701127368,0.00975447850026152,False,0.45543914622756343
deep,70000,14.0,6,30000,60000,1,QPSK,0.01852414279513889,0.00022709424593556695,0.018079038073105177,0.0189692475171726,False,0.673368625652867
deep,70000,14.0,6,30000,60000,2,16QAM,0.06161810438368055,0.00035371926267324823,0.06092481462884099,0.06231139413852012,False,0.579926697722057
deep,70000,14.0,6,30000,60000,3,64QAM,0.13159825122974536,0.0003985595170963309,0.13081707457623656,0.13237942788325416,False,0.4882596853550961
deep,70000,14.0,7,35000,70000,0,BPSK,0.009343768601190476,0.0001512096601337081,0.009047397667328408,0.009640139535052545,False,0.15709019338915686
deep,70000,14.0,7,35000,70000,1,QPSK,0.01844453590029762,0.00020912026306971264,0.018034660184680983,0.018854411615914255,False,0.3113887509857033
deep,70000,14.0,7,35000,70000,2,16QAM,0.06168079194568452,0.000326661946011359,0.06104053453150226,0.062321049359866786,False,0.1820818789774429
deep,70000,14.0,7,35000,70000,3,64QAM,0.13175258246527777,0.0003684488002148324,0.1310304228168567,0.13247474211369883,False,0.009423826106582494
deep,70000,14.0,8,40000,80000,0,BPSK,0.009384651692708334,0.00014228831221508282,0.009105766600766773,0.009663536784649896,False,0.18153228190356285
deep,70000,14.0,8,40000,80000,1,QPSK,0.018450602213541667,0.00019621005187688277,0.018066030511862976,0.018835173915220358,False,0.21712590633318807
deep,70000,14.0,8,40000,80000,2,16QAM,0.06157141520182292,0.0003057958960398438,0.06097205524558482,0.06217077515806101,False,0.02604025676088147
deep,70000,14.0,8,40000,80000,3,64QAM,0.13161905381944444,0.00034461482057677155,0.13094360877111397,0.13229449886777492,False,0.18991720030897713
deep,70000,14.0,9,45000,90000,0,BPSK,0.009424898726851852,0.00013446718725833835,0.00916134303982551,0.009688454413878195,False,0.36785525496059723
deep,70000,14.0,9,45000,90000,1,QPSK,0.01849972511574074,0.00018536184386326574,0.01813641590176874,0.018863034329712744,False,0.20339863218162813
deep,70000,14.0,9,45000,90000,2,16QAM,0.061632606336805555,0.0002886631683288692,0.061066826526880974,0.062198386146730136,False,0.18131808149328135
deep,70000,14.0,9,45000,90000,3,64QAM,0.13167364366319445,0.00032518290557603346,0.13103628516826543,0.13231100215812347,False,0.20700268167039218
deep,70000,14.0,10,50000,100000,0,BPSK,0.009463229166666667,0.00012768196835610435,0.009212972508688702,0.009713485824644631,False,1.130230821678803
deep,70000,14.0,10,50000,100000,1,QPSK,0.018560989583333333,0.00017620146147223018,0.01821563471884776,0.018906344447818905,False,1.044171010422663
deep,70000,14.0,10,50000,100000,2,16QAM,0.061696472981770833,0.00027417068517181264,0.06115909843883408,0.062233847524707585,False,0.9622706365096725
deep,70000,14.0,10,50000,100000,3,64QAM,0.1317714333767361,0.00030863477413458127,0.13116650921943232,0.1323763575340399,False,0.9124201336879638
deep,70000,14.0,11,55000,110000,0,BPSK,0.009458842329545454,0.00012194622412104235,0.00921982773026821,0.009697856928822697,False,1.2384983392791062
deep,70000,14.0,11,55000,110000,1,QPSK,0.01855015388257576,0.00016808415729701456,0.018220708934273612,0.018879598830877906,False,1.0304409946893995
deep,70000,14.0,11,55000,110000,2,16QAM,0.061697289299242425,0.0002613581671623543,0.06118502729160421,0.06220955130688064,False,0.6098502414596296
deep,70000,14.0,11,55000,110000,3,64QAM,0.1317895724826389,0.0002942210127464606,0.13121289929765584,0.13236624566762195,False,0.4762622516425157
deep,70000,14.0,12,60000,120000,0,BPSK,0.009420469835069445,0.00011644701942710804,0.009192233676992314,0.009648705993146576,False,1.1124470551131387
deep,70000,14.0,12,60000,120000,1,QPSK,0.01849999728732639,0.0001605787765676652,0.018185262885253767,0.01881473168939901,False,0.9272787065307121
deep,70000,14.0,12,60000,120000,2,16QAM,0.061684457736545135,0.0002499297274311708,0.06119459547078004,0.062174320002310234,False,0.4872176526503396
deep,70000,14.0,12,60000,120000,3,64QAM,0.13182133879484953,0.00028142040544056155,0.13126975480018602,0.13237292278951304,False,0.3343737157192287
deep,70000,14.0,13,65000,130000,0,BPSK,0.009481605568910256,0.00011261152986000976,0.009260886970384637,0.009702324167435876,False,0.9675679597734173
deep,70000,14.0,13,65000,130000,1,QPSK,0.01856845953525641,0.00015490653434581628,0.018264842727938612,0.01887207634257421,False,0.8407859820637824
deep,70000,14.0,13,65000,130000,2,16QAM,0.061792594401041664,0.0002405183637298866,0.06132117840813109,0.06226401039395224,False,0.4173862344200727
deep,70000,14.0,13,65000,130000,3,64QAM,0.13192451839610042,0.0002706351073383447,0.13139407358571725,0.1324549632064836,False,0.2440232588437961
deep,70000,14.0,14,70000,140000,0,BPSK,0.009495958891369047,0.0001085955455019078,0.009283111622185307,0.009708806160552787,False,1.2305831472098967
deep,70000,14.0,14,70000,140000,1,QPSK,0.018587672061011903,0.00014932182649299424,0.018295001281085636,0.01888034284093817,False,0.949231767801808
deep,70000,14.0,14,70000,140000,2,16QAM,0.06183442150297619,0.00023185447624212463,0.061379986729541626,0.06228885627641075,False,0.3104206791191539
deep,70000,14.0,14,70000,140000,3,64QAM,0.1320052044580853,0.0002607759714326975,0.1314940835540772,0.1325163253620934,False,0.04288413075747404
deep,70000,16.0,1,5000,10000,0,BPSK,0.006414583333333333,0.00033834829108476424,0.005751420682807195,0.007077745983859471,False,0.10967261427976917
deep,70000,16.0,1,5000,10000,1,QPSK,0.01250478515625,0.0004682804923615863,0.011586955391221291,0.013422614921278709,False,0.1862192062338513
deep,70000,16.0,1,5000,10000,2,16QAM,0.04246417643229167,0.0007645183680733895,0.040965720430867825,0.04396263243371551,False,0.5648916736060238
deep,70000,16.0,1,5000,10000,3,64QAM,0.10020299479166667,0.0009368166276062241,0.09836683420155846,0.10203915538177487,False,0.455568666898376
deep,70000,16.0,2,10000,20000,0,BPSK,0.006195963541666667,0.0002331937875799071,0.005738903718010049,0.006653023365323285,False,0.3210553485539241
deep,70000,16.0,2,10000,20000,1,QPSK,0.012243505859375,0.00032454163872123174,0.011607404247481386,0.012879607471268614,False,0.057822498518524036
deep,70000,16.0,2,10000,20000,2,16QAM,0.042530802408854165,0.0005355216752419403,0.04148117992537996,0.04358042489232837,False,0.2581662257180329
deep,70000,16.0,2,10000,20000,3,64QAM,0.10060042317708333,0.0006588067647235135,0.09930916191822524,0.10189168443594142,False,0.20691046202133664
deep,70000,16.0,3,15000,30000,0,BPSK,0.0063918185763888885,0.0001953233935045116,0.006008984725120046,0.006774652427657731,False,0.3711961840880635
deep,70000,16.0,3,15000,30000,1,QPSK,0.012435709635416667,0.00026993956256494517,0.011906628092789374,0.01296479117804396,False,0.3166250903306531
deep,70000,16.0,3,15000,30000,2,16QAM,0.042621923828125,0.0004403321616917597,0.04175887279120915,0.04348497486504085,False,0.24359532991902202
deep,70000,16.0,3,15000,30000,3,64QAM,0.10061579499421296,0.0005395503806583506,0.09955827624812259,0.10167331374030332,False,0.34460387529641573
deep,70000,16.0,4,20000,40000,0,BPSK,0.006300846354166667,0.00016742960409838834,0.0059726843301338255,0.006629008378199509,False,0.8319307044911768
deep,70000,16.0,4,20000,40000,1,QPSK,0.012288680013020834,0.00023187905634127658,0.011834197062591933,0.012743162963449736,False,0.7300972406361369
deep,70000,16.0,4,20000,40000,2,16QAM,0.04235068359375,0.00037942150955541106,0.0416070174350214,0.043094349752478604,False,0.746853960239847
deep,70000,16.0,4,20000,40000,3,64QAM,0.10032427029079861,0.00046567747119922965,0.09941154244724812,0.10123699813434911,False,0.5892569478109375
deep,70000,16.0,5,25000,50000,0,BPSK,0.006298802083333333,0.00014945304010965962,0.0060058741247184,0.0065917300419482665,False,0.2603218192536042
deep,70000,16.0,5,25000,50000,1,QPSK,0.01230298828125,0.00020740930926692897,0.011896466035086819,0.012709510527413181,False,0.025456403903688415
deep,70000,16.0,5,25000,50000,2,16QAM,0.042473271484375,0.00033938404507680457,0.041808078756024464,0.04313846421272553,False,0.4140720125486643
deep,70000,16.0,5,25000,50000,3,64QAM,0.10058345703125,0.0004163342780084226,0.0997674418463535,0.10139947221614651,False,0.4399150979397044
deep,70000,16.0,6,30000,60000,0,BPSK,0.006272211371527778,0.00013549842463444358,0.006006634459244269,0.006537788283811287,False,0.3138306011433144
deep,70000,16.0,6,30000,60000,1,QPSK,0.012271657986111111,0.00018865227473198324,0.011901899527636425,0.012641416444585798,False,0.12279757838589617
deep,70000,16.0,6,30000,60000,2,16QAM,0.042413471137152776,0.00030946669670477194,0.041806916411611425,0.04302002586269413,False,0.24966100352837495
deep,70000,16.0,6,30000,60000,3,64QAM,0.10050778899016204,0.0003797904498175824,0.09976339970851958,0.1012521782718045,False,0.2422211362607752
deep,70000,16.0,7,35000,70000,0,BPSK,0.006263411458333333,0.00012529907320216186,0.0060178252748570955,0.006508997641809571,False,0.5984166769891687
deep,70000,16.0,7,35000,70000,1,QPSK,0.012252311197916666,0.00017453553766592605,0.011910221544091451,0.01259440085174188,False,0.39307425500526616
deep,70000,16.0,7,35000,70000,2,16QAM,0.042335877046130954,0.0002863718690891636,0.04177458818271619,0.04289716590954572,False,0.15634480307972357
deep,70000,16.0,7,35000,70000,3,64QAM,0.10037591300843254,0.0003515341535300953,0.09968690606751356,0.10106491994935153,False,0.14690235252127093
deep,70000,16.0,8,40000,80000,0,BPSK,0.0061653076171875,0.00011602862551566844,0.00593789151117679,0.00639272372319821,False,0.3126034989031005
deep,70000,16.0,8,40000,80000,1,QPSK,0.01210596923828125,0.0001619043422311271,0.011788636727508241,0.012423301749054259,False,0.08547404211048855
deep,70000,16.0,8,40000,80000,2,16QAM,0.04211078084309896,0.0002665497945018809,0.04158834324587527,0.04263321844032265,False,0.5389835264249874
deep,70000,16.0,8,40000,80000,3,64QAM,0.10010501573350694,0.00032789534221289407,0.09946234086276967,0.10074769060424421,False,0.5161988745949356
deep,70000,16.0,9,45000,90000,0,BPSK,0.006157660590277778,0.0001091427724785383,0.005943740756219843,0.006371580424335712,False,0.0573304031551174
deep,70000,16.0,9,45000,90000,1,QPSK,0.01211173683449074,0.0001524980083958286,0.011812840738034916,0.012410632930946564,False,0.0052415769783639805
deep,70000,16.0,9,45000,90000,2,16QAM,0.042146527777777776,0.0002512896655832606,0.041654000033234585,0.042639055522320966,False,0.1995194452442145
deep,70000,16.0,9,45000,90000,3,64QAM,0.10017005931712963,0.00030916935775553096,0.0995640873759288,0.10077603125833047,False,0.008563444824610205
deep,70000,16.0,10,50000,100000,0,BPSK,0.006199153645833334,0.00010406775845820464,0.005995180839255252,0.006403126452411415,False,0.48495862454509525
deep,70000,16.0,10,50000,100000,1,QPSK,0.012172109375,0.00014526728859431872,0.011887385489355135,0.012456833260644866,False,0.6421782029075016
deep,70000,16.0,10,50000,100000,2,16QAM,0.042240641276041664,0.00023883967748207084,0.0417725155081768,0.042708767043906526,False,1.0710562742381522
deep,70000,16.0,10,50000,100000,3,64QAM,0.10026701497395833,0.0002936901066211712,0.09969138236498083,0.10084264758293583,False,0.863912490580082
deep,70000,16.0,11,55000,110000,0,BPSK,0.0061744436553030305,9.907813419011777e-05,0.0059802505122904,0.006368636798315661,False,0.5462269351561626
deep,70000,16.0,11,55000,110000,1,QPSK,0.012150725023674242,0.00013820167009972624,0.01187984975027878,0.012421600297069705,False,0.7558478257767383
deep,70000,16.0,11,55000,110000,2,16QAM,0.04229295987215909,0.00022759204374519994,0.041846879466418505,0.04273904027789968,False,1.2393814942068737
deep,70000,16.0,11,55000,110000,3,64QAM,0.10034694700915404,0.0002800155430175109,0.09979811654483972,0.10089577747346837,False,1.1309931994143883
deep,70000,16.0,12,60000,120000,0,BPSK,0.006210986328125,9.522228999803378e-05,0.006024350639728854,0.006397622016521147,False,0.49756636550949707
deep,70000,16.0,12,60000,120000,1,QPSK,0.012208734809027778,0.0001326867972005745,0.011948668686514652,0.012468800931540904,False,0.7976900550598017
deep,70000,16.0,12,60000,120000,2,16QAM,0.04236744384765625,0.00021832335815631456,0.041939530065669875,0.04279535762964262,False,1.415446352032515
deep,70000,16.0,12,60000,120000,3,64QAM,0.10042449273003472,0.00026843688646710246,0.09989835643255919,0.10095062902751024,False,1.326623156663094
deep,70000,16.0,13,65000,130000,0,BPSK,0.0061964242788461535,9.137751775990344e-05,0.006017324344036743,0.006375524213655564,False,0.3929559044953976
deep,70000,16.0,13,65000,130000,1,QPSK,0.01218721704727564,0.00012729393136587047,0.011937720941798534,0.012436713152752746,False,0.4937618111265312
deep,70000,16.0,13,65000,130000,2,16QAM,0.04236824669471154,0.00020960602707011483,0.041957418881654114,0.04277907450776896,False,1.0275451362115267
deep,70000,16.0,13,65000,130000,3,64QAM,0.10045654881143162,0.0002577726642203053,0.09995131438955983,0.10096178323330342,False,1.0018836468475132
deep,70000,16.0,14,70000,140000,0,BPSK,0.006195252046130952,8.80502671142875e-05,0.006022673522586949,0.006367830569674956,False,0.5296714764754186
deep,70000,16.0,14,70000,140000,1,QPSK,0.01217582775297619,0.00012262348302675519,0.01193548572624375,0.01241616977970863,False,0.6670331053569745
deep,70000,16.0,14,70000,140000,2,16QAM,0.04233540969122024,0.00020191704602140636,0.04193965228101828,0.0427311671014222,False,1.3657842777463884
deep,70000,16.0,14,70000,140000,3,64QAM,0.10041089177207341,0.00024832959622587725,0.09992416576347068,0.10089761778067613,False,1.4184078180061759
deep,70000,16.5,1,5000,10000,0,BPSK,0.005517643229166667,0.0003235309448472166,0.004883522577266122,0.006151763881067212,False,0.5515525322811284
deep,70000,16.5,1,5000,10000,1,QPSK,0.01060751953125,0.0004403842130835156,0.00974436647360631,0.01147067258889369,True,1.1560146319993687
deep,70000,16.5,1,5000,10000,2,16QAM,0.03722233072916667,0.0007165602937370361,0.03581787255344208,0.03862678890489126,False,1.3853528633484886
deep,70000,16.5,1,5000,10000,3,64QAM,0.09215962456597222,0.000898278144379031,0.09039899940298932,0.09392024972895513,False,1.5937991259854483
deep,70000,16.5,2,10000,20000,0,BPSK,0.0057350260416666665,0.0002282597134104991,0.005287637003382088,0.0061824150799512445,False,1.4090200206532824
deep,70000,16.5,2,10000,20000,1,QPSK,0.011032112630208334,0.00031540436878063605,0.010413920067398287,0.01165030519301838,False,1.7871867750610155
deep,70000,16.5,2,10000,20000,2,16QAM,0.037960009765625,0.0005149172675967098,0.036950771921135446,0.03896924761011455,False,1.598910792808399
deep,70000,16.5,2,10000,20000,3,64QAM,0.09286735568576389,0.0006429163557104151,0.09160723962857148,0.0941274717429563,False,1.7273848555954217
deep,70000,16.5,3,15000,30000,0,BPSK,0.0057189453125,0.00018739613708181917,0.005351648883819634,0.006086241741180366,False,0.10503330314942949
deep,70000,16.5,3,15000,30000,1,QPSK,0.011011935763888888,0.00025754704342876737,0.010507143558768504,0.011516727969009273,False,0.5567958642582865
deep,70000,16.5,3,15000,30000,2,16QAM,0.038019970703125,0.0004204262208563348,0.037195935310246585,0.03884400609600342,False,1.006427109352366
deep,70000,16.5,3,15000,30000,3,64QAM,0.09284348234953704,0.0005254269359577854,0.09181364555505979,0.0938733191440143,False,1.6015970688351602
deep,70000,16.5,4,20000,40000,0,BPSK,0.005738264973958333,0.0001627049523696312,0.005419363267313856,0.00605716668060281,False,0.7237423248559024
deep,70000,16.5,4,20000,40000,1,QPSK,0.011095589192708333,0.0002233091931088693,0.01065790317421495,0.011533275211201717,False,0.18913605146888102
deep,70000,16.5,4,20000,40000,2,16QAM,0.038318172200520834,0.00036536842840122365,0.03760205008085443,0.039034294320187235,False,0.6652146642775661
deep,70000,16.5,4,20000,40000,3,64QAM,0.0931495361328125,0.0004566593926199459,0.09225448372327741,0.0940445885423476,False,1.209151994487266
deep,70000,16.5,5,25000,50000,0,BPSK,0.005717552083333333,0.00014449997926806686,0.005434332123967922,0.006000772042698744,False,0.6987061550126633
deep,70000,16.5,5,25000,50000,1,QPSK,0.01111068359375,0.00019903174535880054,0.010720581372846752,0.011500785814653249,False,0.19989160128229586
deep,70000,16.5,5,25000,50000,2,16QAM,0.038487119140625,0.0003269388255670231,0.037846319042513635,0.03912791923873636,False,0.4318851484400031
deep,70000,16.5,5,25000,50000,3,64QAM,0.09340462239583333,0.0004088562697611305,0.09260326410710151,0.09420598068456515,False,0.7888040027304006
deep,70000,16.5,6,30000,60000,0,BPSK,0.005662000868055556,0.00013073360701869205,0.005405762998298919,0.0059182387378121926,False,0.37913448323356574
deep,70000,16.5,6,30000,60000,1,QPSK,0.011066547309027779,0.0001805079102866217,0.010712751804866,0.011420342813189557,False,0.04436229905634361
deep,70000,16.5,6,30000,60000,2,16QAM,0.0385100341796875,0.0002979796946509061,0.03792599397817172,0.03909407438120328,False,0.6079957259991939
deep,70000,16.5,6,30000,60000,3,64QAM,0.09346711516203704,0.00037307495647808395,0.09273588824734,0.09419834207673408,False,0.954241981271437
deep,70000,16.5,7,35000,70000,0,BPSK,0.005634272693452381,0.00012111715827015165,0.005396883063242883,0.005871662323661878,False,0.08746327141425174
deep,70000,16.5,7,35000,70000,1,QPSK,0.011013109188988096,0.00016678042589625186,0.010686219554231442,0.01133999882374475,False,0.32932111251190127
deep,70000,16.5,7,35000,70000,2,16QAM,0.03850624534970238,0.00027539243880411735,0.03796647616964631,0.03904601452975845,False,0.7403169489841297
deep,70000,16.5,7,35000,70000,3,64QAM,0.09348714967757936,0.00034511562191138513,0.09281072305863304,0.09416357629652568,False,1.054011599353305
deep,70000,16.5,8,40000,80000,0,BPSK,0.005594881184895833,0.00011252298792108422,0.005374336128570508,0.005815426241221159,False,0.02249236991839496
deep,70000,16.5,8,40000,80000,1,QPSK,0.010972908528645834,0.00015531278422720865,0.010668495471560504,0.011277321585731163,False,0.35913135814620345
deep,70000,16.5,8,40000,80000,2,16QAM,0.03843506062825521,0.0002572411633883375,0.03793086794801407,0.038939253308496354,False,0.507300853926804
deep,70000,16.5,8,40000,80000,3,64QAM,0.0933801784939236,0.00032258550870178395,0.09274791089686811,0.0940124460909791,False,0.7630284955641881
deep,70000,16.5,9,45000,90000,0,BPSK,0.005533745659722222,0.00010514999012310713,0.005327651679080932,0.005739839640363511,False,0.04437254568661773
deep,70000,16.5,9,45000,90000,1,QPSK,0.01089945384837963,0.0001455008217950913,0.010614272237661251,0.01118463545909801,False,0.4344956752310545
deep,70000,16.5,9,45000,90000,2,16QAM,0.038389357277199075,0.00024182619168997856,0.037915377941486715,0.038863336612911435,False,0.7675037674357441
deep,70000,16.5,9,45000,90000,3,64QAM,0.09334817828896605,0.00030378153370986795,0.09275276648289471,0.09394359009503739,False,1.1004044711057206
deep,70000,16.5,10,50000,100000,0,BPSK,0.005467109375,9.873666172125541e-05,0.00527358551802634,0.005660633231973661,False,0.624423154310117
deep,70000,16.5,10,50000,100000,1,QPSK,0.010814619140625,0.0001370536419737257,0.010545994002356498,0.011083244278893503,False,0.12158253609244933
deep,70000,16.5,10,50000,100000,2,16QAM,0.03827727701822917,0.00022863530356444751,0.03782915182324285,0.038725402213215486,False,0.30730917333710883
deep,70000,16.5,10,50000,100000,3,64QAM,0.093237744140625,0.00028768054319405333,0.09267389027596465,0.09380159800528534,False,0.6519098456331572
deep,70000,16.5,11,55000,110000,0,BPSK,0.00543323271780303,9.375924875723422e-05,0.005249464590238851,0.005617000845367209,False,0.6859786546624631
deep,70000,16.5,11,55000,110000,1,QPSK,0.01076315400094697,0.00013026744958406582,0.0105078297997622,0.01101847820213174,False,0.19561487825848706
deep,70000,16.5,11,55000,110000,2,16QAM,0.03821418678977273,0.0002175351461509804,0.03778781790331681,0.03864055567622865,False,0.3852685624992651
deep,70000,16.5,11,55000,110000,3,64QAM,0.09320508502998738,0.0002739495954047931,0.09266814382299399,0.09374202623698077,False,0.859453600785413
deep,70000,16.5,12,60000,120000,0,BPSK,0.005450412326388889,9.025413187233339e-05,0.005273514227919116,0.005627310424858662,False,0.478849846416451
deep,70000,16.5,12,60000,120000,1,QPSK,0.010757929144965277,0.0001250258336749349,0.010512878510962404,0.01100297977896815,False,0.0077023691131589645
deep,70000,16.5,12,60000,120000,2,16QAM,0.0381513916015625,0.00020825301555732196,0.03774321569107015,0.03855956751205485,False,0.47627583264119183
deep,70000,16.5,12,60000,120000,3,64QAM,0.09311455711082176,0.0002621748547068127,0.0926006943955964,0.09362841982604711,False,0.9080733880848
deep,70000,16.5,13,65000,130000,0,BPSK,0.00546122796474359,8.68712580293425e-05,0.0052909602990060785,0.005631495630481101,False,0.9287196445377575
deep,70000,16.5,13,65000,130000,1,QPSK,0.01076601061698718,0.00012020268859010666,0.01053041334735057,0.011001607886623788,False,0.5077463635349285
deep,70000,16.5,13,65000,130000,2,16QAM,0.038186871494391025,0.00020019002266678782,0.03779449904996412,0.03857924393881793,False,0.2541021102255232
deep,70000,16.5,13,65000,130000,3,64QAM,0.09311255926148504,0.00025205876764426493,0.09261852407690228,0.0936065944460678,False,0.12054463952434297
deep,70000,16.5,14,70000,140000,0,BPSK,0.005450358072916666,8.347510634874251e-05,0.005286746864473131,0.0056139692813602015,False,0.9299464722733302
deep,70000,16.5,14,70000,140000,1,QPSK,0.010773663039434524,0.00011566752976881424,0.010546954681087649,0.0110003713977814,False,0.625552812043908
deep,70000,16.5,14,70000,140000,2,16QAM,0.038258599562872024,0.00019293129751992493,0.03788045421973297,0.03863674490601108,False,0.39413136012964145
deep,70000,16.5,14,70000,140000,3,64QAM,0.09322577427455357,0.00024298811119727833,0.0927495175766069,0.09370203097250024,False,0.029322445209335753
deep,70000,17.0,1,5000,10000,0,BPSK,0.0044578125,0.000272044743210189,0.003924604803308029,0.0049910201966919705,False,1.0371916179201381
deep,70000,17.0,1,5000,10000,1,QPSK,0.00912255859375,0.0003882112839923775,0.00836166447712494,0.00988345271037506,False,0.6363298011743236
deep,70000,17.0,1,5000,10000,2,16QAM,0.0341416015625,0.0006758045961107079,0.03281702455412301,0.035466178570876986,False,0.4487141679741633
deep,70000,17.0,1,5000,10000,3,64QAM,0.08609262152777777,0.000879357027615838,0.08436908175365074,0.08781616130190481,False,0.6192435444152607
deep,70000,17.0,2,10000,20000,0,BPSK,0.004558365885416667,0.000195065480715775,0.004176037543213748,0.004940694227619586,False,1.1279342092770706
deep,70000,17.0,2,10000,20000,1,QPSK,0.0093576171875,0.00027835255606765323,0.0088120461776074,0.0099031881973926,False,0.8519422446548748
deep,70000,17.0,2,10000,20000,2,16QAM,0.034618017578125,0.00048283910010869877,0.03367165294191195,0.03556438221433805,False,0.06627031946157463
deep,70000,17.0,2,10000,20000,3,64QAM,0.08665484483506944,0.0006264410626112184,0.08542702035235145,0.08788266931778743,False,0.18542734812901848
deep,70000,17.0,3,15000,30000,0,BPSK,0.004710720486111111,0.0001637726743217388,0.004389726044440503,0.005031714927781719,False,0.13701228988392386
deep,70000,17.0,3,15000,30000,1,QPSK,0.009544889322916666,0.0002313094670721683,0.009091522767455217,0.009998255878378116,False,0.6210332621003186
deep,70000,17.0,3,15000,30000,2,16QAM,0.03489700520833333,0.000397436443387798,0.03411802977929325,0.035675980637373414,False,1.506103357595625
deep,70000,17.0,3,15000,30000,3,64QAM,0.08704889322916666,0.000513564726200182,0.08604230636581431,0.08805548009251901,False,0.9916303156827464
deep,70000,17.0,4,20000,40000,0,BPSK,0.004743017578125,0.00014282544273628732,0.004463079710361877,0.005022955445888122,False,0.6988973625986946
deep,70000,17.0,4,20000,40000,1,QPSK,0.009556591796875,0.00020114481633262186,0.00916234795686306,0.009950835636886939,False,0.1340778771527874
deep,70000,17.0,4,20000,40000,2,16QAM,0.034802644856770835,0.00034457030473563786,0.03412728705948898,0.03547800265405269,False,1.1497703640324872
deep,70000,17.0,4,20000,40000,3,64QAM,0.08682656521267361,0.000444846926117203,0.0859546652374839,0.08769846518786333,False,0.7386152523842674
deep,70000,17.0,5,25000,50000,0,BPSK,0.0048007552083333335,0.0001285648385001362,0.004548768124873067,0.0050527422917936,False,1.0853006142825563
deep,70000,17.0,5,25000,50000,1,QPSK,0.009662779947916667,0.00018098899350678062,0.009308041520643377,0.010017518375189957,True,0.32542980547793837
deep,70000,17.0,5,25000,50000,2,16QAM,0.03498156575520833,0.0003095862790649564,0.03437477664824102,0.035588354862175646,False,0.3372771965501323
deep,70000,17.0,5,25000,50000,3,64QAM,0.0870227322048611,0.0003990726328577144,0.08624054984445999,0.08780491456526222,False,0.14031416887438825
deep,70000,17.0,6,30000,60000,0,BPSK,0.004771397569444445,0.00011705175670696285,0.0045419761262987975,0.005000819012590092,False,0.9611126878208787
deep,70000,17.0,6,30000,60000,1,QPSK,0.009593641493055555,0.00016483395112721743,0.009270566948846209,0.0099167160372649,False,0.17970907537393613
deep,70000,17.0,6,30000,60000,2,16QAM,0.03479178331163194,0.0002817887680775073,0.03423947732620003,0.035344089297063855,False,0.4987232204891628
deep,70000,17.0,6,30000,60000,3,64QAM,0.08676349645543982,0.00036350424854811325,0.08605102812828552,0.08747596478259412,False,0.08664959799774011
deep,70000,17.0,7,35000,70000,0,BPSK,0.004880998883928571,0.00011035409736974537,0.0046647048530838705,0.005097292914773272,False,1.595008344398019
deep,70000,17.0,7,35000,70000,1,QPSK,0.009722744605654763,0.0001546344282752145,0.009419661126235343,0.010025828085074183,True,0.9218821592746623
deep,70000,17.0,7,35000,70000,2,16QAM,0.03494653552827381,0.0002623387018524722,0.03443235167264296,0.03546071938390465,False,0.4125774611036978
deep,70000,17.0,7,35000,70000,3,64QAM,0.08692803819444445,0.00033742237465244105,0.08626669034012566,0.08758938604876323,False,0.8008692455941332
deep,70000,17.0,8,40000,80000,0,BPSK,0.0047795166015625,0.0001020696528567719,0.004579460081963227,0.004979573121161773,False,1.5822581595664449
deep,70000,17.0,8,40000,80000,1,QPSK,0.0095730224609375,0.00014320299545215917,0.009292344589851268,0.009853700332023733,False,0.8916958823379862
deep,70000,17.0,8,40000,80000,2,16QAM,0.034748030598958334,0.00024384460449444374,0.03427009517414922,0.035225966023767444,False,0.27461471866066606
deep,70000,17.0,8,40000,80000,3,64QAM,0.08671528862847222,0.0003145140547046234,0.08609884108125115,0.08733173617569329,False,0.5684002266327346
deep,70000,17.0,9,45000,90000,0,BPSK,0.004794581886574074,9.661984369217831e-05,0.004605206992937404,0.0049839567802107436,False,1.4800879350463576
deep,70000,17.0,9,45000,90000,1,QPSK,0.009591959635416666,0.00013531293190286424,0.009326746288887052,0.00985717298194628,False,0.7318354388106404
deep,70000,17.0,9,45000,90000,2,16QAM,0.034736302806712964,0.00023009101063306014,0.03428532442587216,0.035187281187553765,False,0.21741420216388416
deep,70000,17.0,9,45000,90000,3,64QAM,0.08664315200617284,0.0002966949661973073,0.08606162987242612,0.08722467413991956,False,0.3709915600128876
deep,70000,17.0,10,50000,100000,0,BPSK,0.004787415364583334,9.154484325809346e-05,0.004607987471797471,0.004966843257369197,False,1.1947010816184451
deep,70000,17.0,10,50000,100000,1,QPSK,0.009586090494791666,0.00012827789444981632,0.009334665821670026,0.009837515167913306,False,0.42370504130267
deep,70000,17.0,10,50000,100000,2,16QAM,0.034755486653645834,0.0002182186261024777,0.03432777814648498,0.03518319516080669,False,0.20358135141283834
deep,70000,17.0,10,50000,100000,3,64QAM,0.08671219075520833,0.0002813978240977589,0.08616065101997673,0.08726373049043994,False,0.06329589180824663
deep,70000,17.0,11,55000,110000,0,BPSK,0.004812843276515152,8.764472071764946e-05,0.004641059623908559,0.004984626929121745,False,1.6836471427224073
deep,70000,17.0,11,55000,110000,1,QPSK,0.00962064393939394,0.00012270442900365057,0.009380143258546783,0.009861144620241095,False,0.7811046543143351
deep,70000,17.0,11,55000,110000,2,16QAM,0.034784867720170455,0.0002083885691485736,0.03437642612463925,0.03519330931570166,False,0.3100230629740805
deep,70000,17.0,11,55000,110000,3,64QAM,0.08675067866161616,0.00026849472033691596,0.08622442900975581,0.08727692831347651,False,0.5005618592237726
deep,70000,17.0,12,60000,120000,0,BPSK,0.004846099175347222,8.424117426254219e-05,0.0046809864737926395,0.005011211876901805,False,1.5635103432863109
deep,70000,17.0,12,60000,120000,1,QPSK,0.009664312065972222,0.00011792908063091532,0.009433171067935628,0.009895453064008816,False,0.7820405932058306
deep,70000,17.0,12,60000,120000,2,16QAM,0.03483101128472222,0.00019988848812690357,0.03443922984799349,0.03522279272145095,False,0.14788187225227672
deep,70000,17.0,12,60000,120000,3,64QAM,0.0867911205150463,0.0002573110801871343,0.08628679079787951,0.08729545023221308,False,0.23820786699693575
deep,70000,17.0,13,65000,130000,0,BPSK,0.004841626602564103,8.093786570988276e-05,0.004682988385772732,0.005000264819355473,False,1.4659438205203708
deep,70000,17.0,13,65000,130000,1,QPSK,0.009661490885416667,0.00011326120890492866,0.009439498915963006,0.009883482854870328,False,0.5851816229777351
deep,70000,17.0,13,65000,130000,2,16QAM,0.03482518028846154,0.00019199810697244452,0.03444886399879554,0.03520149657812753,False,0.3967050578744532
deep,70000,17.0,13,65000,130000,3,64QAM,0.0868118397769765,0.00024713737751897526,0.08632745051703931,0.08729622903691368,False,0.4321674113287931
deep,70000,17.0,14,70000,140000,0,BPSK,0.004842150297619047,7.793501333255876e-05,0.004689397671487232,0.004994902923750863,False,1.1437350048828074
deep,70000,17.0,14,70000,140000,1,QPSK,0.009664318266369048,0.00010909542828666287,0.009450491226927189,0.009878145305810907,False,0.2167949066421382
deep,70000,17.0,14,70000,140000,2,16QAM,0.03487371768043155,0.00018504454162545283,0.03451103037884566,0.03523640498201744,False,0.9393786377637792
deep,70000,17.0,14,70000,140000,3,64QAM,0.08690956256200397,0.0002381876955723027,0.08644271467868225,0.08737641044532568,False,1.038529299945257
deep,70000,17.5,1,5000,10000,0,BPSK,0.004462369791666667,0.00028176831029831927,0.003910103903481961,0.005014635679851373,False,1.2310963671507107
deep,70000,17.5,1,5000,10000,1,QPSK,0.0088208984375,0.0003926608013367584,0.008051283266879953,0.009590513608120048,False,1.5304603602083642
deep,70000,17.5,1,5000,10000,2,16QAM,0.03149993489583333,0.0006685599602267266,0.030189557373788947,0.03281031241787771,False,1.3043981087060683
deep,70000,17.5,1,5000,10000,3,64QAM,0.07991228298611111,0.0008750242437088575,0.07819723546844175,0.08162733050378047,False,1.3450816444732459
deep,70000,17.5,2,10000,20000,0,BPSK,0.00454306640625,0.00020201340630605398,0.004147120129890134,0.004939012682609866,False,1.02177866023626
deep,70000,17.5,2,10000,20000,1,QPSK,0.008984261067708334,0.0002810258313563126,0.008433450438249961,0.009535071697166707,False,1.221764300754869
deep,70000,17.5,2,10000,20000,2,16QAM,0.03168701171875,0.00047619677340136554,0.03075366604288332,0.032620357394616675,False,1.0598330003125085
deep,70000,17.5,2,10000,20000,3,64QAM,0.08006457790798611,0.0006214748836304897,0.07884648713607036,0.08128266867990187,False,1.3139363095176397
deep,70000,17.5,3,15000,30000,0,BPSK,0.004623068576388889,0.0001674415309643899,0.004294883175698685,0.004951253977079093,False,0.43611753638880607
deep,70000,17.5,3,15000,30000,1,QPSK,0.009047146267361111,0.000231862961058907,0.008592694863685654,0.009501597671036569,False,0.38069530766695786
deep,70000,17.5,3,15000,30000,2,16QAM,0.03173683810763889,0.000389760110650699,0.030972908290763518,0.03250076792451426,False,0.5422776329045046
deep,70000,17.5,3,15000,30000,3,64QAM,0.08027723162615741,0.0005074650152312356,0.07928260019630419,0.08127186305601063,False,1.1407507026585137
deep,70000,17.5,4,20000,40000,0,BPSK,0.004445768229166667,0.00014137275574710375,0.004168677627902343,0.00472285883043099,False,0.552842542234677
deep,70000,17.5,4,20000,40000,1,QPSK,0.008794156901041668,0.0001965384682607509,0.008408941503250595,0.00917937229883274,False,0.46631834927682286
deep,70000,17.5,4,20000,40000,2,16QAM,0.03134308268229167,0.0003337863623579979,0.030688861412069994,0.031997303952513344,False,0.3583713370464152
deep,70000,17.5,4,20000,40000,3,64QAM,0.07975925835503472,0.0004367722523355368,0.07890318474045707,0.08061533196961237,False,0.8526120258926249
deep,70000,17.5,5,25000,50000,0,BPSK,0.0043887109375,0.00012573263850846188,0.0041422749660234145,0.0046351469089765856,False,0.5410955644960882
deep,70000,17.5,5,25000,50000,1,QPSK,0.0087066796875,0.00017469181515548823,0.008364283729795243,0.009049075645204756,False,0.45772210524056367
deep,70000,17.5,5,25000,50000,2,16QAM,0.031219173177083333,0.00029729731355530566,0.030636470442514933,0.031801875911651734,False,0.425903805463299
deep,70000,17.5,5,25000,50000,3,64QAM,0.07965542534722223,0.0003897355375230073,0.07889154369367712,0.08041930700076733,False,0.9550850257875519
deep,70000,17.5,6,30000,60000,0,BPSK,0.004396744791666666,0.00011497963276278814,0.004171384711451602,0.004622104871881731,False,0.3905026952643112
deep,70000,17.5,6,30000,60000,1,QPSK,0.008697943793402777,0.00015972203360579897,0.008384888607535411,0.009010998979270143,False,0.39554795826010314
deep,70000,17.5,6,30000,60000,2,16QAM,0.031160413953993056,0.0002713518997780738,0.03062856423042803,0.03169226367755808,False,0.47835784778089524
deep,70000,17.5,6,30000,60000,3,64QAM,0.07957087311921296,0.00035547884950154376,0.07887413457418993,0.08026761166423599,False,0.811279075333298
deep,70000,17.5,7,35000,70000,0,BPSK,0.0043889973958333335,0.00010645760862008433,0.0041803404829379685,0.0045976543087286985,False,0.12379435278392627
deep,70000,17.5,7,35000,70000,1,QPSK,0.008682007998511905,0.0001478336499576636,0.008392254044594885,0.008971761952428926,False,0.24173993443075348
deep,70000,17.5,7,35000,70000,2,16QAM,0.031171168154761904,0.0002510127405597559,0.03067918318326478,0.031663153126259024,False,0.24196831053636716
deep,70000,17.5,7,35000,70000,3,64QAM,0.07958763175843254,0.0003290893804028004,0.07894261657284306,0.08023264694402203,False,0.40544332612312917
deep,70000,17.5,8,40000,80000,0,BPSK,0.004374593098958333,9.951712505669924e-05,0.004179539533847203,0.004569646664069464,False,0.4425645070438685
deep,70000,17.5,8,40000,80000,1,QPSK,0.008656046549479166,0.00013804531859282521,0.008385477725037229,0.008926615373921103,False,0.7202709987434749
deep,70000,17.5,8,40000,80000,2,16QAM,0.03119425048828125,0.00023450627809485923,0.030734618183215323,0.031653882793347174,False,0.5874983856944651
deep,70000,17.5,8,40000,80000,3,64QAM,0.07969800075954861,0.00030762551512177993,0.07909505474990992,0.0803009467691873,False,0.7095993995183135
deep,70000,17.5,9,45000,90000,0,BPSK,0.004349486400462963,9.305132623822678e-05,0.004167105801036039,0.004531866999889887,False,0.6289910276448127
deep,70000,17.5,9,45000,90000,1,QPSK,0.008636610243055556,0.00012961710275321002,0.008382560721659264,0.008890659764451848,False,1.0262155435072389
deep,70000,17.5,9,45000,90000,2,16QAM,0.031209959129050925,0.00022086587033111902,0.03077706202320193,0.031642856234899916,False,1.0635151350848995
deep,70000,17.5,9,45000,90000,3,64QAM,0.07973439429012345,0.00029000088069415357,0.07916599256396291,0.080302796016284,False,1.227034495815155
deep,70000,17.5,10,50000,100000,0,BPSK,0.004363834635416667,8.871042670008848e-05,0.004189962199084493,0.004537707071748841,False,0.6624854433972669
deep,70000,17.5,10,50000,100000,1,QPSK,0.008642874348958333,0.00012321479170675331,0.008401373357213096,0.00888437534070357,False,1.0925048740308245
deep,70000,17.5,10,50000,100000,2,16QAM,0.0312281396484375,0.00020966810110629376,0.030817190170269165,0.03163908912660584,False,0.992911894290885
deep,70000,17.5,10,50000,100000,3,64QAM,0.07977204969618056,0.0002751143523698134,0.07923282556553572,0.08031127382682539,False,1.0097088645942005
deep,70000,17.5,11,55000,110000,0,BPSK,0.004362979403409091,8.440646162482526e-05,0.004197542738624434,0.004528416068193749,False,0.7861112343108908
deep,70000,17.5,11,55000,110000,1,QPSK,0.008646232836174243,0.00011740218923727557,0.008416124545269183,0.008876341127079303,False,1.191783562604634
deep,70000,17.5,11,55000,110000,2,16QAM,0.03122479285037879,0.00019996831162432036,0.030832854959595122,0.03161673074116246,False,1.15951318222479
deep,70000,17.5,11,55000,110000,3,64QAM,0.07974146444917929,0.0002623754798346037,0.07922720850870346,0.08025572038965512,False,1.0683999619947309
deep,70000,17.5,12,60000,120000,0,BPSK,0.004362565104166666,8.084283645106702e-05,0.004204113144722575,0.004521017063610758,False,0.6182139587007073
deep,70000,17.5,12,60000,120000,1,QPSK,0.00864580349392361,0.00011241408771697604,0.008425471881998338,0.008866135105848884,False,1.0218308712093742
deep,70000,17.5,12,60000,120000,2,16QAM,0.031257987467447915,0.00019145982880992984,0.03088272620298045,0.03163324873191538,False,0.9300041704626576
deep,70000,17.5,12,60000,120000,3,64QAM,0.07979980649594907,0.0002512766249696982,0.07930730431100846,0.08029230868088968,False,0.7199549105374236
deep,70000,17.5,13,65000,130000,0,BPSK,0.004373612780448718,7.795947054869584e-05,0.004220812218173274,0.0045264133427241615,False,0.7866013793058044
deep,70000,17.5,13,65000,130000,1,QPSK,0.008650027544070512,0.00010819581465443276,0.008437963747347824,0.0088620913407932,False,1.2231017220187228
deep,70000,17.5,13,65000,130000,2,16QAM,0.03124639423076923,0.00018400672647764425,0.03088574104687305,0.03160704741466541,False,1.0966067035786837
deep,70000,17.5,13,65000,130000,3,64QAM,0.07977089342948718,0.00024141837082672794,0.0792977134226668,0.08024407343630756,False,0.8205051675582788
deep,70000,17.5,14,70000,140000,0,BPSK,0.004387276785714286,7.513694563118038e-05,0.004240008372277173,0.004534545199151399,False,0.3210892665945483
deep,70000,17.5,14,70000,140000,1,QPSK,0.008682721819196429,0.00010442606369023139,0.008478046734363575,0.008887396904029283,False,0.6552197041901051
deep,70000,17.5,14,70000,140000,2,16QAM,0.03129705752418155,0.00017756422700422887,0.03094903163925326,0.031645083409109834,False,0.5929982878390659
deep,70000,17.5,14,70000,140000,3,64QAM,0.07980719788566468,0.00023287000699059732,0.07935077267196311,0.08026362309936624,False,0.47019721218377797
deep,70000,18.0,1,5000,10000,0,BPSK,0.004276106770833333,0.00027858726912956706,0.0037300757233393817,0.004822137818327284,False,1.5810583073663602
deep,70000,18.0,1,5000,10000,1,QPSK,0.00829169921875,0.0003869358255886916,0.007533305000596165,0.009050093436903836,False,1.5148201971532242
deep,70000,18.0,1,5000,10000,2,16QAM,0.0290296875,0.0006521939522771875,0.027751387353536713,0.03030798764646329,False,0.6118978192268217
deep,70000,18.0,1,5000,10000,3,64QAM,0.07441215277777778,0.0008638443819826395,0.0727190177890918,0.07610528776646376,False,0.07882851997572844
deep,70000,18.0,2,10000,20000,0,BPSK,0.004220963541666667,0.00019793771518601515,0.003833005619902077,0.004608921463431256,False,1.2512004151061282
deep,70000,18.0,2,10000,20000,1,QPSK,0.008110172526041667,0.000272743376380177,0.0075755955083365205,0.008644749543746815,False,1.325711803097449
deep,70000,18.0,2,10000,20000,2,16QAM,0.0286603271484375,0.0004571882690097037,0.027764238141178482,0.02955641615569652,False,0.8167531916660927
deep,70000,18.0,2,10000,20000,3,64QAM,0.07423688693576388,0.0006056590769924411,0.0730497951448587,0.07542397872666907,False,0.40422827375823606
deep,70000,18.0,3,15000,30000,0,BPSK,0.0041806423611111115,0.00016148454014664772,0.003864132662423682,0.004497152059798541,False,0.17120599974778683
deep,70000,18.0,3,15000,30000,1,QPSK,0.008046419270833334,0.0002220382708695032,0.0076112242599291075,0.00848161428173756,False,0.5804545483128624
deep,70000,18.0,3,15000,30000,2,16QAM,0.028509006076388888,0.0003720125293932736,0.027779861518778072,0.029238150633999704,False,0.546185173274833
deep,70000,18.0,3,15000,30000,3,64QAM,0.07406627965856481,0.000493301856078948,0.07309940802065007,0.07503315129647956,False,0.2985332494771397
deep,70000,18.0,4,20000,40000,0,BPSK,0.004174609375,0.00013961911410312675,0.0039009559113578713,0.0044482628386421285,False,0.4648949290440174
deep,70000,18.0,4,20000,40000,1,QPSK,0.008047509765625,0.0001918161194075914,0.007671550171586121,0.00842346935966388,False,1.0154280408393688
deep,70000,18.0,4,20000,40000,2,16QAM,0.028553230794270832,0.00032221565602111145,0.027921688108469452,0.029184773480072212,False,1.1808202252182576
deep,70000,18.0,4,20000,40000,3,64QAM,0.07412340494791667,0.0004274202329831896,0.07328566129126961,0.07496114860456372,False,0.8995550177264553
deep,70000,18.0,5,25000,50000,0,BPSK,0.004169309895833333,0.0001240829042069239,0.003926107403587762,0.0044125123880789045,False,0.2616044112272334
deep,70000,18.0,5,25000,50000,1,QPSK,0.00807564453125,0.0001711035861250839,0.007740281502444836,0.008411007560055165,False,0.7214543030944053
deep,70000,18.0,5,25000,50000,2,16QAM,0.02870062174479167,0.0002885560874970705,0.02813505181329741,0.029266191676285927,False,1.037640723361219
deep,70000,18.0,5,25000,50000,3,64QAM,0.07432491753472223,0.00038297930933791285,0.07357427808841992,0.07507555698102454,False,0.8212721117605069
deep,70000,18.0,6,30000,60000,0,BPSK,0.004228819444444445,0.00011380239478310038,0.004005766750669568,0.004451872138219321,False,0.371277780864817
deep,70000,18.0,6,30000,60000,1,QPSK,0.008164236111111112,0.00015717037092895044,0.00785618218409037,0.008472290038131854,False,0.872497804405644
deep,70000,18.0,6,30000,60000,2,16QAM,0.028793592664930555,0.000264569446205343,0.02827503655036808,0.02931214877949303,False,1.106605428640753
deep,70000,18.0,6,30000,60000,3,64QAM,0.07440118634259259,0.00035040024828170705,0.07371440185596044,0.07508797082922473,False,0.6238493797944122
deep,70000,18.0,7,35000,70000,0,BPSK,0.004148828125,0.00010438789033190483,0.0039442278599494665,0.004353428390050534,False,0.1634018373742153
deep,70000,18.0,7,35000,70000,1,QPSK,0.008036323474702381,0.00014423867342347322,0.007753615674792374,0.00831903127461239,False,0.7325293553788012
deep,70000,18.0,7,35000,70000,2,16QAM,0.02861015392485119,0.0002433984854156637,0.02813309289343649,0.029087214956265893,False,1.0099177140505369
deep,70000,18.0,7,35000,70000,3,64QAM,0.07424062189980159,0.0003230567723179318,0.07360743062605844,0.07487381317354473,False,0.6835046049853689
deep,70000,18.0,8,40000,80000,0,BPSK,0.004127205403645833,9.745910039026078e-05,0.003936185566880922,0.0043182252404107445,False,0.5124488475371296
deep,70000,18.0,8,40000,80000,1,QPSK,0.007996834309895832,0.00013454326000788156,0.007733129520280385,0.00826053909951128,False,1.1165783871614652
deep,70000,18.0,8,40000,80000,2,16QAM,0.028555356852213543,0.0002272543108502386,0.028109938402947076,0.02900077530148001,False,1.18882092038663
deep,70000,18.0,8,40000,80000,3,64QAM,0.07420261094835069,0.00030180406531902344,0.0736110749803254,0.07479414691637598,False,0.8389430304268226
deep,70000,18.0,9,45000,90000,0,BPSK,0.004148611111111111,9.233087518946736e-05,0.003967642595739755,0.004329579626482467,False,0.5752174975584682
deep,70000,18.0,9,45000,90000,1,QPSK,0.00801277126736111,0.00012724007484419135,0.0077633807206664955,0.008262161814055726,False,1.0222765179580924
deep,70000,18.0,9,45000,90000,2,16QAM,0.028562599464699075,0.00021440903937275667,0.028142357747528473,0.028982841181869678,False,0.9954062908573674
deep,70000,18.0,9,45000,90000,3,64QAM,0.07420850573881173,0.00028459924731604266,0.07365069121407228,0.07476632026355118,False,0.7402611282144599
deep,70000,18.0,10,50000,100000,0,BPSK,0.004177194010416667,8.802542790818513e-05,0.004004664171716624,0.00434972384911671,False,0.4896915121917426
deep,70000,18.0,10,50000,100000,1,QPSK,0.008042887369791666,0.00012122486497964095,0.0078052866344315705,0.008280488105151763,False,1.0890100534895104
deep,70000,18.0,10,50000,100000,2,16QAM,0.028549864908854167,0.00020369351512307873,0.028150625619212933,0.0289491041984954,False,1.2453879866209785
deep,70000,18.0,10,50000,100000,3,64QAM,0.0741498263888889,0.00027010636438381375,0.07362041791469662,0.07467923486308117,False,0.9735906162170017
deep,70000,18.0,11,55000,110000,0,BPSK,0.004179060132575758,8.39775212751451e-05,0.004014464190876473,0.004343656074275042,False,0.138136097473559
deep,70000,18.0,11,55000,110000,1,QPSK,0.008044756155303031,0.00011558563049568413,0.00781820831953149,0.008271303991074572,False,0.5841447325364568
deep,70000,18.0,11,55000,110000,2,16QAM,0.028540564334753788,0.00019423280484459399,0.028159868037258385,0.02892126063224919,False,0.7459174195084637
deep,70000,18.0,11,55000,110000,3,64QAM,0.07414942589962122,0.00025750487604841445,0.07364471634256632,0.07465413545667611,False,0.62150814571814
deep,70000,18.0,12,60000,120000,0,BPSK,0.004159049479166667,8.00251790907479e-05,0.0040022001281488015,0.0043158988301845325,False,0.24338489962036897
deep,70000,18.0,12,60000,120000,1,QPSK,0.008021877712673611,0.00011038131224237268,0.007805530340678561,0.008238225084668661,False,0.10623935765543528
deep,70000,18.0,12,60000,120000,2,16QAM,0.028490498860677085,0.00018572227985608016,0.028126483192159168,0.028854514529195,False,0.28168438531537965
deep,70000,18.0,12,60000,120000,3,64QAM,0.07405209689670139,0.000246392333306318,0.07356916792342101,0.07453502586998177,False,0.29510305835377015
deep,70000,18.0,13,65000,130000,0,BPSK,0.004124454126602564,7.638653273018902e-05,0.003974736522451393,0.004274171730753735,False,0.6613170436456023
deep,70000,18.0,13,65000,130000,1,QPSK,0.007985106169871794,0.00010556116792081586,0.007778206280746995,0.008192006058996594,False,0.3057613962395778
deep,70000,18.0,13,65000,130000,2,16QAM,0.02844053986378205,0.00017808659331378435,0.02809149014088703,0.02878958958667707,False,0.12734647692073833
deep,70000,18.0,13,65000,130000,3,64QAM,0.07397147352430555,0.0002365386087653256,0.07350785785112551,0.0744350891974856,False,0.25765968111813314
deep,70000,18.0,14,70000,140000,0,BPSK,0.004110579427083334,7.326188581083514e-05,0.003966986130894096,0.004254172723272571,False,0.7329445216999526
deep,70000,18.0,14,70000,140000,1,QPSK,0.00798158714657738,0.00010148504776268585,0.007782676452962516,0.008180497840192244,False,0.3879091148913694
deep,70000,18.0,14,70000,140000,2,16QAM,0.02847270972842262,0.0001715744442103858,0.028136423817770262,0.028808995639074977,False,0.08589123502040671
deep,70000,18.0,14,70000,140000,3,64QAM,0.07403287527901786,0.00022798477345533077,0.07358602512304542,0.0744797254349903,False,0.22923545355691882
deep,70000,20.0,1,5000,10000,0,BPSK,0.002215690104166667,0.00019009253927326222,0.001843108727191073,0.0025882714811422606,False,0.04143882207999922
deep,70000,20.0,1,5000,10000,1,QPSK,0.004602473958333333,0.000278077400012157,0.004057442254309505,0.005147505662357161,False,0.2984925471548931
deep,70000,20.0,1,5000,10000,2,16QAM,0.017986002604166666,0.0005084248065806075,0.016989489983268675,0.018982515225064656,False,0.4054556877181495
deep,70000,20.0,1,5000,10000,3,64QAM,0.051532118055555555,0.0007398338642041222,0.050082043681715475,0.052982192429395635,False,0.12586079305020567
deep,70000,20.0,2,10000,20000,0,BPSK,0.0023271484375,0.00014665070055116326,0.00203971306441972,0.00261458381058028,False,0.10965056352816757
deep,70000,20.0,2,10000,20000,1,QPSK,0.0046423828125,0.00020354569727679616,0.004243433245837479,0.005041332379162521,False,0.36718028264731495
deep,70000,20.0,2,10000,20000,2,16QAM,0.017928694661458335,0.0003613965695040072,0.01722035738523048,0.018637031937686187,False,0.5200271416446078
deep,70000,20.0,2,10000,20000,3,64QAM,0.05139771050347222,0.000522950266052933,0.050372727982008474,0.05242269302493597,False,0.1794744969369241
deep,70000,20.0,3,15000,30000,0,BPSK,0.002431792534722222,0.00012311944962852746,0.0021904784134503083,0.002673106655994136,False,0.6354213710237244
deep,70000,20.0,3,15000,30000,1,QPSK,0.004786154513888889,0.0001697838925733115,0.004453378084445198,0.005118930943332579,False,0.7561641944324954
deep,70000,20.0,3,15000,30000,2,16QAM,0.018008403862847223,0.00029891467751272757,0.017422531094922276,0.01859427663077217,False,0.9460387849655647
deep,70000,20.0,3,15000,30000,3,64QAM,0.051276128472222224,0.00042908739036443607,0.05043511718710793,0.05211713975733652,False,0.6164438012807766
deep,70000,20.0,4,20000,40000,0,BPSK,0.0023396484375,0.00010330940485758672,0.00213716200397913,0.0025421348710208697,False,0.2640449691036571
deep,70000,20.0,4,20000,40000,1,QPSK,0.004659684244791667,0.0001439761316590898,0.004377491026739851,0.004941877462843483,False,0.2605698492020802
deep,70000,20.0,4,20000,40000,2,16QAM,0.017850016276041665,0.0002559708368407527,0.01734831343583379,0.01835171911624954,False,0.25567443435484144
deep,70000,20.0,4,20000,40000,3,64QAM,0.05112415093315972,0.00036955211138936235,0.05039982879483657,0.051848473071482874,False,0.06783212475870284
deep,70000,20.0,5,25000,50000,0,BPSK,0.0023463541666666667,9.217512336258419e-05,0.002165690924876002,0.0025270174084573317,False,0.3966600809512286
deep,70000,20.0,5,25000,50000,1,QPSK,0.004681197916666667,0.0001290421377419781,0.00442827532669239,0.004934120506640944,False,0.3844399440661871
deep,70000,20.0,5,25000,50000,2,16QAM,0.017850406901041668,0.0002291806455700382,0.01740121283572439,0.018299600966358943,False,0.2523544026998841
deep,70000,20.0,5,25000,50000,3,64QAM,0.05113236545138889,0.0003307137237733159,0.05048416655279319,0.05178056434998459,False,0.31103533595567284
deep,70000,20.0,6,30000,60000,0,BPSK,0.0023775390625,8.441933052953735e-05,0.002212077174662107,0.002543000950337893,False,1.0416345345982614
deep,70000,20.0,6,30000,60000,1,QPSK,0.004733517795138889,0.00011843237799475914,0.004501390334269161,0.004965645256008617,False,1.0038730010339592
deep,70000,20.0,6,30000,60000,2,16QAM,0.01789808756510417,0.00021015524111200318,0.017486183292524642,0.018309991837683694,False,0.9406660460546716
deep,70000,20.0,6,30000,60000,3,64QAM,0.05113798285590278,0.00030258512504275216,0.05054491601081899,0.05173104970098657,False,0.8703377181886148
deep,70000,20.0,7,35000,70000,0,BPSK,0.0024364118303571427,7.902089085169334e-05,0.002281530884287824,0.0025912927764264616,False,1.0725823837844837
deep,70000,20.0,7,35000,70000,1,QPSK,0.004823753720238095,0.00011100539469360217,0.004606183146638635,0.005041324293837555,False,1.1610964465356262
deep,70000,20.0,7,35000,70000,2,16QAM,0.018040704055059524,0.00019602268453300988,0.017656499593374824,0.018424908516744224,False,1.2926630507307353
deep,70000,20.0,7,35000,70000,3,64QAM,0.05129439484126984,0.00028136108712321776,0.05074292711050833,0.051845862572031345,False,1.3507090267360238
deep,70000,20.0,8,40000,80000,0,BPSK,0.0024148274739583336,7.349921232325546e-05,0.002270769017804753,0.002558885930111914,False,1.240318273505412
deep,70000,20.0,8,40000,80000,1,QPSK,0.004800472005208333,0.00010335317663531099,0.004597899779003123,0.005003044231413543,False,1.378586273729273
deep,70000,20.0,8,40000,80000,2,16QAM,0.018062837727864583,0.00018309120095242245,0.017703978973997836,0.01842169648173133,False,1.6053186877696328
deep,70000,20.0,8,40000,80000,3,64QAM,0.051376643880208336,0.00026314494610102954,0.05086087978585032,0.05189240797456635,False,1.7620733155467085
deep,70000,20.0,9,45000,90000,0,BPSK,0.0024529296875,6.996287157546544e-05,0.0023158024592120877,0.0025900569157879124,False,0.8311892757772251
deep,70000,20.0,9,45000,90000,1,QPSK,0.00486962890625,9.815470410863416e-05,0.0046772456861970775,0.005062012126302923,False,0.867017835927154
deep,70000,20.0,9,45000,90000,2,16QAM,0.018246184172453703,0.00017375904180750275,0.017905616450510996,0.01858675189439641,False,0.974315363187258
deep,70000,20.0,9,45000,90000,3,64QAM,0.051616415895061725,0.0002492475343612908,0.05112789072771359,0.05210494106240986,False,1.1710134946942525
deep,70000,20.0,10,50000,100000,0,BPSK,0.0024389192708333335,6.628662830497525e-05,0.002308997479355582,0.002568841062311085,False,1.0059297504003029
deep,70000,20.0,10,50000,100000,1,QPSK,0.004831315104166667,9.286887888672859e-05,0.0046492921015486785,0.005013338106784655,False,1.0704784662740963
deep,70000,20.0,10,50000,100000,2,16QAM,0.0181635888671875,0.00016427011978004179,0.017841619432418618,0.018485558301956383,False,1.1427322185027402
deep,70000,20.0,10,50000,100000,3,64QAM,0.05155930555555555,0.0002358936659661195,0.05109695397026196,0.052021657140849144,False,1.2478070444566798
deep,70000,20.0,11,55000,110000,0,BPSK,0.002436138731060606,6.30635546968865e-05,0.0023125341638547087,0.0025597432982665037,False,1.2151818770184089
deep,70000,20.0,11,55000,110000,1,QPSK,0.0048377663352272724,8.84967220464598e-05,0.004664312760016211,0.005011219910438334,False,1.2888934211185632
deep,70000,20.0,11,55000,110000,2,16QAM,0.018223715672348484,0.0001567412927638986,0.017916502738531244,0.018530928606165724,False,1.5282155414514902
deep,70000,20.0,11,55000,110000,3,64QAM,0.051671550465593435,0.00022517046834182706,0.05123021634764346,0.05211288458354341,False,1.7561259913778273
deep,70000,20.0,12,60000,120000,0,BPSK,0.002430278862847222,6.0140975193536915e-05,0.00231240255146789,0.0025481551742265545,False,1.1329549621815
deep,70000,20.0,12,60000,120000,1,QPSK,0.004829475911458333,8.455581160603317e-05,0.004663746520710508,0.004995205302206158,False,1.2328930534556997
deep,70000,20.0,12,60000,120000,2,16QAM,0.01821477728949653,0.00014996519341893043,0.017920845510395425,0.018508709068597633,False,1.5021739244270707
deep,70000,20.0,12,60000,120000,3,64QAM,0.0516785888671875,0.00021549752127645772,0.051256213725485646,0.052100964008889354,False,1.702110894699538
deep,70000,20.0,13,65000,130000,0,BPSK,0.0024302684294871795,5.763102471991846e-05,0.0023173116210361395,0.0025432252379382196,False,1.0083628532670115
deep,70000,20.0,13,65000,130000,1,QPSK,0.004830028044871795,8.12517089524512e-05,0.00467077469532499,0.004989281394418599,False,1.0179767582805883
deep,70000,20.0,13,65000,130000,2,16QAM,0.018207320462740383,0.000144069529672508,0.017924944184582268,0.0184896967408985,False,0.9592578505378363
deep,70000,20.0,13,65000,130000,3,64QAM,0.0516838366386218,0.0002069901693528025,0.05127813590669031,0.05208953737055329,False,1.0491079486600672
deep,70000,20.0,14,70000,140000,0,BPSK,0.002417680431547619,5.526557844359204e-05,0.0023093598977981787,0.0025260009652970593,False,0.8658467181524245
deep,70000,20.0,14,70000,140000,1,QPSK,0.004813174293154762,7.805149575955446e-05,0.004660193361466035,0.004966155224843488,False,1.0440778989031696
deep,70000,20.0,14,70000,140000,2,16QAM,0.018193910435267857,0.00013863492697275214,0.017922185978401263,0.01846563489213445,False,1.187960788943687
deep,70000,20.0,14,70000,140000,3,64QAM,0.051675915333581346,0.00019935565855062686,0.05128517824282212,0.052066652424340575,False,1.2925049867488891
deep,70000,22.0,1,5000,10000,0,BPSK,0.0016739583333333333,0.00016653938093205454,0.0013475411467065064,0.0020003755199601604,False,1.0132752060445178
deep,70000,22.0,1,5000,10000,1,QPSK,0.0033529296875,0.0002433717154449942,0.0028759211252278112,0.0038299382497721884,False,1.1786683643224376
deep,70000,22.0,1,5000,10000,2,16QAM,0.012328011067708334,0.00043881911424235024,0.011467925603793326,0.01318809653162334,False,1.6038843279935406
deep,70000,22.0,1,5000,10000,3,64QAM,0.036234342447916665,0.0006564528045991803,0.034947694950902275,0.037520989944931055,False,1.3932031457917395
deep,70000,22.0,2,10000,20000,0,BPSK,0.0016606770833333332,0.0001228566798169533,0.0014198779908921049,0.0019014761757745616,False,0.7466485020937152
deep,70000,22.0,2,10000,20000,1,QPSK,0.003253629557291667,0.0001725088246005802,0.0029155122610745295,0.0035917468535088043,False,0.9120683175172425
deep,70000,22.0,2,10000,20000,2,16QAM,0.012152457682291666,0.00030710406329383165,0.011550533718235756,0.012754381646347577,False,2.026924517204892
deep,70000,22.0,2,10000,20000,3,64QAM,0.03598314887152778,0.00046073376088998286,0.035080110700183416,0.036886187042872144,False,2.210207493886397
deep,70000,22.0,3,15000,30000,0,BPSK,0.0015356770833333333,9.574657385524026e-05,0.0013480137985770625,0.0017233403680896042,False,0.1622819664300809
deep,70000,22.0,3,15000,30000,1,QPSK,0.0030731011284722224,0.00013503709710159547,0.0028084284181530954,0.0033377738387913494,False,0.1421429031007725
deep,70000,22.0,3,15000,30000,2,16QAM,0.011869731987847222,0.0002449589965395398,0.011389612354629724,0.01234985162106472,False,0.8240555243174857
deep,70000,22.0,3,15000,30000,3,64QAM,0.03551018156828704,0.0003716374857649721,0.03478177209618769,0.03623859104038638,False,1.0487282827455802
deep,70000,22.0,4,20000,40000,0,BPSK,0.0015408365885416666,8.319264084286816e-05,0.0013777790124896452,0.0017038941645936881,False,0.6704632814629014
deep,70000,22.0,4,20000,40000,1,QPSK,0.0030810465494791666,0.00011703515144614055,0.0028516576526447313,0.003310435446313602,False,0.5182384434593973
deep,70000,22.0,4,20000,40000,2,16QAM,0.01193702392578125,0.00021248668128787937,0.011520550030457006,0.012353497821105494,False,0.5911589297303897
deep,70000,22.0,4,20000,40000,3,64QAM,0.03574403211805555,0.000322507830617499,0.03511191677004526,0.03637614746606585,False,0.7630252377254607
deep,70000,22.0,5,25000,50000,0,BPSK,0.0014691145833333333,7.25763054788848e-05,0.001326865024594719,0.0016113641420719476,False,0.34769134347616343
deep,70000,22.0,5,25000,50000,1,QPSK,0.0029781380208333333,0.0001023008005146256,0.002777628451824667,0.0031786475898419996,False,0.22744698378718858
deep,70000,22.0,5,25000,50000,2,16QAM,0.011810283203125,0.00018747170413127174,0.011442838663027708,0.012177727743222294,False,0.897998363140846
deep,70000,22.0,5,25000,50000,3,64QAM,0.035750835503472224,0.0002866028884233518,0.035189093842162456,0.03631257716478199,False,1.1241856707432192
deep,70000,22.0,6,30000,60000,0,BPSK,0.0014704535590277779,6.617722809418757e-05,0.0013407461919631703,0.0016001609260923855,False,0.9052448346044037
deep,70000,22.0,6,30000,60000,1,QPSK,0.0029824544270833334,9.333057309053492e-05,0.0027995265038258848,0.003165382350340782,False,0.8223109766561995
deep,70000,22.0,6,30000,60000,2,16QAM,0.011810921223958333,0.00017125896087276697,0.01147525366064771,0.012146588787268956,False,0.1838646081761007
deep,70000,22.0,6,30000,60000,3,64QAM,0.03566026294849537,0.0002617630853854458,0.0351472073011399,0.036173318595850844,False,0.5354437018092398
deep,70000,22.0,7,35000,70000,0,BPSK,0.0015323474702380953,6.284710246184998e-05,0.0014091671494128695,0.0016555277910633211,False,0.1465067531686818
deep,70000,22.0,7,35000,70000,1,QPSK,0.003063295200892857,8.831049965638712e-05,0.0028902066215663385,0.003236383780219376,False,0.21995302025741448
deep,70000,22.0,7,35000,70000,2,16QAM,0.011883333333333333,0.0001601315664516622,0.011569475463088074,0.012197191203578591,False,1.0487105762202171
deep,70000,22.0,7,35000,70000,3,64QAM,0.03566873604910714,0.00024332183808701486,0.035191825246456594,0.03614564685175769,False,1.110551755773613
deep,70000,22.0,8,40000,80000,0,BPSK,0.0015594889322916668,5.94914383798451e-05,0.0014428857130671703,0.0016760921515161632,False,0.23035828932330749
deep,70000,22.0,8,40000,80000,1,QPSK,0.0030951497395833335,8.336012277942404e-05,0.0029317638989356624,0.0032585355802310046,False,0.08356636681934015
deep,70000,22.0,8,40000,80000,2,16QAM,0.011927421061197917,0.00015043529223348744,0.011632567888420282,0.012222274233975552,False,0.9115789397329457
deep,70000,22.0,8,40000,80000,3,64QAM,0.035681190321180556,0.0002280710920499047,0.035234170980762744,0.03612820966159837,False,0.9474621577895801
deep,70000,22.0,9,45000,90000,0,BPSK,0.0015838469328703704,5.670125301929987e-05,0.0014727124769525427,0.0016949813887881982,False,0.7819199651036215
deep,70000,22.0,9,45000,90000,1,QPSK,0.00312890625,7.931304611096634e-05,0.002973452679622506,0.0032843598203774944,False,0.5104758111849
deep,70000,22.0,9,45000,90000,2,16QAM,0.011965693721064815,0.00014237589426961117,0.011686636968296377,0.012244750473833253,False,0.6118499873587561
deep,70000,22.0,9,45000,90000,3,64QAM,0.03577432484567901,0.00021539648965405108,0.035352147725957066,0.03619650196540095,False,0.7197176809893236
deep,70000,22.0,10,50000,100000,0,BPSK,0.00158138671875,5.380581230586724e-05,0.0014759273266305001,0.0016868461108694999,False,0.6268907564067082
deep,70000,22.0,10,50000,100000,1,QPSK,0.00312921875,7.524584941596437e-05,0.0029817368851447097,0.0032767006148552904,False,0.49732622407482807
deep,70000,22.0,10,50000,100000,2,16QAM,0.011951253255208334,0.00013502587031507832,0.01168660254939078,0.012215903961025888,False,0.5204905663467084
deep,70000,22.0,10,50000,100000,3,64QAM,0.035743446180555555,0.0002042717810926538,0.035343073489613956,0.03614381887149715,False,0.5663306520184958
deep,70000,22.0,11,55000,110000,0,BPSK,0.0015745501893939394,5.1359250149824866e-05,0.0014738860591002826,0.0016752143196875962,False,0.11201127490806301
deep,70000,22.0,11,55000,110000,1,QPSK,0.0031151899857954544,7.164989683789973e-05,0.002974756187993171,0.003255623783597738,False,0.06034187252958278
deep,70000,22.0,11,55000,110000,2,16QAM,0.01192494081439394,0.00012852515637585217,0.01167303150789727,0.01217685012089061,False,0.8404311591217846
deep,70000,22.0,11,55000,110000,3,64QAM,0.03569231080334596,0.0001945791194465482,0.035310935729230726,0.03607368587746119,False,1.0495931243485566
deep,70000,22.0,12,60000,120000,0,BPSK,0.0015588270399305556,4.8738468790428365e-05,0.001463299641101316,0.0016543544387597952,False,0.48544536730999444
deep,70000,22.0,12,60000,120000,1,QPSK,0.0030984293619791665,6.816641335955397e-05,0.0029648231917944407,0.0032320355321638922,False,0.3635248300275758
deep,70000,22.0,12,60000,120000,2,16QAM,0.011899357096354167,0.0001227733860329569,0.011658721259729572,0.012139992932978762,False,0.6115870233814206
deep,70000,22.0,12,60000,120000,3,64QAM,0.03563649992766204,0.00018611285377828453,0.0352717187342566,0.03600128112106748,False,0.9468871032528543
deep,70000,22.0,13,65000,130000,0,BPSK,0.0015560446714743589,4.6808037258156145e-05,0.0014643009184483729,0.0016477884245003449,False,0.9850609314179887
deep,70000,22.0,13,65000,130000,1,QPSK,0.0030937074318910258,6.547221519614996e-05,0.002965381890106572,0.0032220329736754798,False,0.9611430812860006
deep,70000,22.0,13,65000,130000,2,16QAM,0.01188529021434295,0.0001178739018514589,0.011654257366714089,0.01211632306197181,False,0.07281042708761214
deep,70000,22.0,13,65000,130000,3,64QAM,0.035593850994925215,0.00017873005652621426,0.035243540084133836,0.035944161905716594,False,0.6058979281981062
deep,70000,22.0,14,70000,140000,0,BPSK,0.0015433407738095239,4.480000516095113e-05,0.0014555327636940596,0.001631148783924988,False,0.6782362174728358
deep,70000,22.0,14,70000,140000,1,QPSK,0.0030794061569940478,6.276323895609023e-05,0.002956390208640111,0.0032024221053479846,False,0.7175494766029205
deep,70000,22.0,14,70000,140000,2,16QAM,0.011882529994419643,0.00011339299858844884,0.011660279717186283,0.012104780271653003,False,0.29456683125446326
deep,70000,22.0,14,70000,140000,3,64QAM,0.03563529730902778,0.00017212938721307804,0.03529792371009015,0.03597267090796541,False,0.9361500924431165
deep,70000,22.5,1,5000,10000,0,BPSK,0.0011319010416666667,0.00013987466643695048,0.0008577466954502438,0.0014060553878830896,False,0.012101002582152652
deep,70000,22.5,1,5000,10000,1,QPSK,0.0024189127604166668,0.00020140103176567725,0.002024166738155939,0.0028136587826773944,False,0.07806253360420681
deep,70000,22.5,1,5000,10000,2,16QAM,0.010254801432291667,0.00038362557251828974,0.009502895310155818,0.011006707554427515,True,0.20775456095284592
deep,70000,22.5,1,5000,10000,3,64QAM,0.03202211371527778,0.000605314236911379,0.030835697810931477,0.03320852961962408,False,0.715541490121879
deep,70000,22.5,2,10000,20000,0,BPSK,0.00124755859375,0.00010539116324410275,0.0010409919137915587,0.0014541252737084415,False,0.1899499746817425
deep,70000,22.5,2,10000,20000,1,QPSK,0.0025823404947916666,0.0001503059632529439,0.0022877408068158966,0.0028769401827674367,False,0.49258399325045876
deep,70000,22.5,2,10000,20000,2,16QAM,0.010417415364583333,0.0002775092096976861,0.009873497313575869,0.010961333415590798,True,0.8083722300820723
deep,70000,22.5,2,10000,20000,3,64QAM,0.032085465494791666,0.0004317981202782918,0.031239141179046213,0.03293178981053712,False,1.1782265810261792
deep,70000,22.5,3,15000,30000,0,BPSK,0.0012674913194444444,8.738488803214484e-05,0.0010962169389014404,0.0014387656999874483,False,1.330139933676348
deep,70000,22.5,3,15000,30000,1,QPSK,0.0026105143229166665,0.00012353816381925427,0.002368379521830928,0.0028526491240024048,False,1.3585280134725017
deep,70000,22.5,3,15000,30000,2,16QAM,0.010555848524305555,0.00022788563679475144,0.010109192676187843,0.011002504372423267,False,0.9420064333352142
deep,70000,22.5,3,15000,30000,3,64QAM,0.032437351707175925,0.0003544971432892117,0.03174253730632907,0.03313216610802278,False,0.907534894671942
deep,70000,22.5,4,20000,40000,0,BPSK,0.0013541666666666667,7.91097580543264e-05,0.0011991115408801869,0.0015092217924531465,False,1.4459604397485488
deep,70000,22.5,4,20000,40000,1,QPSK,0.002727099609375,0.00011054070655998444,0.00251043982451743,0.0029437593942325696,False,1.226371798283391
deep,70000,22.5,4,20000,40000,2,16QAM,0.010684423828125,0.00020087016126932794,0.010290718312037116,0.011078129344212883,False,0.8182950862058009
deep,70000,22.5,4,20000,40000,3,64QAM,0.032439689127604164,0.0003093559633103022,0.031833351439515975,0.03304602681569235,False,0.7738319650133283
deep,70000,22.5,5,25000,50000,0,BPSK,0.0013632682291666667,7.007979762500836e-05,0.0012259118258216503,0.001500624632511683,False,1.2320468374915645
deep,70000,22.5,5,25000,50000,1,QPSK,0.002755416666666667,9.886840415266374e-05,0.002561634594527446,0.0029491987388058877,False,1.1502595470562331
deep,70000,22.5,5,25000,50000,2,16QAM,0.010742171223958333,0.0001804460630898682,0.01038849694030219,0.011095845507614475,False,1.2399352639391854
deep,70000,22.5,5,25000,50000,3,64QAM,0.03247708333333333,0.0002773226753276825,0.03193353088969107,0.03302063577697559,False,1.5087097957929008
deep,70000,22.5,6,30000,60000,0,BPSK,0.0013660373263888889,6.36079108222707e-05,0.0012413658211772383,0.0014907088316005394,False,1.0723123833760972
deep,70000,22.5,6,30000,60000,1,QPSK,0.0027643391927083334,9.018425188394098e-05,0.0025875780590158093,0.0029411003264008576,False,1.213100451785814
deep,70000,22.5,6,30000,60000,2,16QAM,0.010765627712673611,0.00016494972277220651,0.010442326256040087,0.011088929169307135,False,1.2978335500304048
deep,70000,22.5,6,30000,60000,3,64QAM,0.032494816984953705,0.00025342375985265466,0.031998106415642505,0.032991527554264904,False,1.4899546953356568
deep,70000,22.5,7,35000,70000,0,BPSK,0.0013416666666666666,5.841200963973354e-05,0.0012271791277727888,0.0014561542055605444,False,0.9738137726511283
deep,70000,22.5,7,35000,70000,1,QPSK,0.002720121837797619,8.261681420935944e-05,0.0025581928819472743,0.0028820507936479635,False,1.1148893319563804
deep,70000,22.5,7,35000,70000,2,16QAM,0.010711332775297618,0.00015174660064346592,0.010413909438036426,0.011008756112558811,False,1.5117392200848014
deep,70000,22.5,7,35000,70000,3,64QAM,0.03246220703125,0.00023398770355356576,0.032003591132285014,0.03292082293021499,False,1.951060726767318
deep,70000,22.5,8,40000,80000,0,BPSK,0.0013968017578125,5.632122874165729e-05,0.0012864121494788518,0.0015071913661461483,False,1.0419392642870982
deep,70000,22.5,8,40000,80000,1,QPSK,0.0028009033203125,7.89697826364525e-05,0.0026461225463450533,0.002955684094279947,False,1.2078799336697967
deep,70000,22.5,8,40000,80000,2,16QAM,0.010823441569010417,0.00014356177836585878,0.010542060483413333,0.0111048226546075,False,1.7045279416459962
deep,70000,22.5,8,40000,80000,3,64QAM,0.03260576850043403,0.00022012572185946565,0.03217432208558948,0.03303721491527858,False,1.8286616477135171
deep,70000,22.5,9,45000,90000,0,BPSK,0.0013893301504629629,5.319683805955329e-05,0.0012850643478662385,0.0014935959530596873,False,1.4546052267438696
deep,70000,22.5,9,45000,90000,1,QPSK,0.0027786566840277776,7.432415593981813e-05,0.002632981338385734,0.0029243320296698213,False,1.6904529357880858
deep,70000,22.5,9,45000,90000,2,16QAM,0.010772947410300927,0.0001349296199036568,0.010508485355289759,0.011037409465312094,False,2.1121912420692874
deep,70000,22.5,9,45000,90000,3,64QAM,0.032529289641203704,0.0002070537076978658,0.03212346437411589,0.03293511490829152,False,2.078417585856014
deep,70000,22.5,10,50000,100000,0,BPSK,0.0013940494791666667,5.059515786905127e-05,0.0012948829697433262,0.0014932159885900072,False,1.2118797613801437
deep,70000,22.5,10,50000,100000,1,QPSK,0.0027784928385416667,7.072783079039685e-05,0.002639866290192489,0.0029171193868908446,False,1.476702661000866
deep,70000,22.5,10,50000,100000,2,16QAM,0.01073681640625,0.000127961606194202,0.010486011658109364,0.010987621154390637,False,1.83518726011027
deep,70000,22.5,10,50000,100000,3,64QAM,0.032419541015625,0.00019619674467788223,0.03203499539605635,0.032804086635193644,False,2.003288541407782
deep,70000,22.5,11,55000,110000,0,BPSK,0.0013634824810606061,4.7526552384878946e-05,0.0012703304383862434,0.0014566345237349689,False,1.4986225195424898
deep,70000,22.5,11,55000,110000,1,QPSK,0.0027315784801136365,6.668387675592658e-05,0.0026008780816720203,0.0028622788785552526,False,1.853457177489275
deep,70000,22.5,11,55000,110000,2,16QAM,0.01066524325284091,0.00012112527144379556,0.01042783772081107,0.01090264878487075,False,2.2328414474746654
deep,70000,22.5,11,55000,110000,3,64QAM,0.03237558791035353,0.00018636296674667436,0.03201031649553005,0.032740859325177014,False,2.3123952094674554
deep,70000,22.5,12,60000,120000,0,BPSK,0.0013578776041666667,4.5402776101725295e-05,0.001268888163007285,0.0014468670453260484,False,1.5825849262013931
deep,70000,22.5,12,60000,120000,1,QPSK,0.002718503146701389,6.37184232577767e-05,0.0025936150371161466,0.0028433912562866315,False,1.9746794362904148
deep,70000,22.5,12,60000,120000,2,16QAM,0.010615007866753472,0.00011566539202035491,0.010388303698393577,0.010841712035113367,False,2.2128397724701143
deep,70000,22.5,12,60000,120000,3,64QAM,0.0323009205005787,0.00017806435678913995,0.03195191436127199,0.03264992663988541,False,2.2817723866542052
deep,70000,22.5,13,65000,130000,0,BPSK,0.0013538912259615384,4.366057739233729e-05,0.0012683164942725574,0.0014394659576505194,False,1.3345770417653802
deep,70000,22.5,13,65000,130000,1,QPSK,0.0027057091346153845,6.114743250277066e-05,0.002585860166909954,0.002825558102320815,False,1.802648310132429
deep,70000,22.5,13,65000,130000,2,16QAM,0.010581087239583334,0.00011091193341332308,0.01036369985009322,0.010798474629073447,False,2.2777600603183994
deep,70000,22.5,13,65000,130000,3,64QAM,0.03225974475827992,0.00017082596236962905,0.031924925872035444,0.03259456364452439,False,2.519532991772888
deep,70000,22.5,14,70000,140000,0,BPSK,0.001365415736607143,4.2143849304702005e-05,0.001282813791969927,0.001448017681244359,False,1.1785799993013164
deep,70000,22.5,14,70000,140000,1,QPSK,0.002729366629464286,5.9155859862933275e-05,0.002613421144132937,0.002845312114795635,False,1.5023403765072632
deep,70000,22.5,14,70000,140000,2,16QAM,0.010633526320684523,0.00010727479794579724,0.01042326771671076,0.010843784924658286,False,1.8961634748678546
deep,70000,22.5,14,70000,140000,3,64QAM,0.03232224779885913,0.00016500726246613176,0.03199883356442551,0.03264566203329275,False,2.2292063093964134
deep,70000,23.0,1,5000,10000,0,BPSK,0.00120234375,0.0001451919351370506,0.0009177675571313808,0.0014869199428686193,False,0.08070811781273544
deep,70000,23.0,1,5000,10000,1,QPSK,0.0024013346354166665,0.00020592341978125652,0.0019977247326454037,0.0028049445381879293,False,0.14937696173473847
deep,70000,23.0,1,5000,10000,2,16QAM,0.009342936197916667,0.0003780693211467183,0.0086019203284691,0.010083952067364234,True,0.1684050457100346
deep,70000,23.0,1,5000,10000,3,64QAM,0.02893560112847222,0.0005867019002605088,0.027785665403961622,0.03008553685298282,False,0.18236437484437787
deep,70000,23.0,2,10000,20000,0,BPSK,0.0013016276041666666,0.00010660268164450597,0.001092686348143435,0.0015105688601898984,False,0.6436872491602298
deep,70000,23.0,2,10000,20000,1,QPSK,0.0026193684895833335,0.00015198012205115032,0.002321487450363079,0.002917249528803588,False,0.19726098356756713
deep,70000,23.0,2,10000,20000,2,16QAM,0.009922941080729168,0.00027737149125932234,0.009379292957860896,0.01046658920359744,True,0.1471941174520135
deep,70000,23.0,2,10000,20000,3,64QAM,0.029791731770833333,0.0004266912566546454,0.02895541690779023,0.030628046633876436,False,0.34342254402823297
deep,70000,23.0,3,15000,30000,0,BPSK,0.0013365668402777779,8.916267385239342e-05,0.0011618079995270867,0.001511325681028469,False,1.1719347721282252
deep,70000,23.0,3,15000,30000,1,QPSK,0.0026653971354166665,0.00012611417827500978,0.0024182133459976474,0.0029125809248356856,False,0.9576949617508361
deep,70000,23.0,3,15000,30000,2,16QAM,0.009929817708333333,0.00022802241707117017,0.00948289377087384,0.010376741645792827,True,0.4391660834955502
deep,70000,23.0,3,15000,30000,3,64QAM,0.02965117549189815,0.00034893305314239863,0.028967266707739046,0.03033508427605725,False,0.06106269666666906
deep,70000,23.0,4,20000,40000,0,BPSK,0.0012870279947916666,7.646251794502747e-05,0.0011371614596194129,0.0014368945299639204,False,0.32716679326265896
deep,70000,23.0,4,20000,40000,1,QPSK,0.0025651041666666665,0.00010737212906667266,0.002354654793695988,0.002775553539637345,False,0.029104023516452682
deep,70000,23.0,4,20000,40000,2,16QAM,0.00975787353515625,0.00019443448657168266,0.009376781941475752,0.010138965128836747,True,0.4271031663985871
deep,70000,23.0,4,20000,40000,3,64QAM,0.02950950249565972,0.00029954871175406705,0.02892238702062175,0.03009661797069769,False,0.5429760066334692
deep,70000,23.0,5,25000,50000,0,BPSK,0.0012879947916666667,6.826606768366007e-05,0.0011541932990066929,0.0014217962843266405,False,0.4730229393976558
deep,70000,23.0,5,25000,50000,1,QPSK,0.0025699544270833333,9.607437693195555e-05,0.0023816486482967003,0.0027582602058699663,False,0.7168754596251053
deep,70000,23.0,5,25000,50000,2,16QAM,0.00977197265625,0.00017414564628516957,0.009430647189531068,0.010113298122968933,True,0.8170067743967638
deep,70000,23.0,5,25000,50000,3,64QAM,0.02952829861111111,0.00026808402018776284,0.029002853931543095,0.030053743290679127,False,0.925499487314276
deep,70000,23.0,6,30000,60000,0,BPSK,0.00126669921875,6.141027916065023e-05,0.0011463350715951255,0.0013870633659048743,False,0.9172060626184033
deep,70000,23.0,6,30000,60000,1,QPSK,0.0025423014322916667,8.697881058948532e-05,0.0023718229635362755,0.002712779901047058,False,1.3204352440780736
deep,70000,23.0,6,30000,60000,2,16QAM,0.009739488389756945,0.0001583112816195284,0.00942919827778267,0.01004977850173122,True,1.5408880894532813
deep,70000,23.0,6,30000,60000,3,64QAM,0.029476835575810184,0.00024426313092389086,0.02899807983919936,0.02995559131242101,False,1.2702505875853738
deep,70000,23.0,7,35000,70000,0,BPSK,0.001274014136904762,5.780825935127017e-05,0.0011607099485762724,0.0013873183252332516,False,0.3658546885633149
deep,70000,23.0,7,35000,70000,1,QPSK,0.0025387323288690476,8.103662785472574e-05,0.0023799005382737853,0.00269756411946431,False,0.8406330432181038
deep,70000,23.0,7,35000,70000,2,16QAM,0.009713960193452382,0.00014651876768909553,0.009426783408781754,0.010001136978123009,True,1.4865527143921857
deep,70000,23.0,7,35000,70000,3,64QAM,0.029397681051587302,0.00022590709350987174,0.028954903148307953,0.02984045895486665,False,1.475229589921083
deep,70000,23.0,8,40000,80000,0,BPSK,0.0012684651692708333,5.386851698450942e-05,0.0011628828759811948,0.001374047462560472,False,0.0367102498833039
deep,70000,23.0,8,40000,80000,1,QPSK,0.002532206217447917,7.563058331989692e-05,0.0023839702741409187,0.002680442160754915,False,0.5889585038847903
deep,70000,23.0,8,40000,80000,2,16QAM,0.0097188720703125,0.0001369759938439309,0.009450399122378396,0.009987345018246606,False,1.2140288641018355
deep,70000,23.0,8,40000,80000,3,64QAM,0.029402932400173613,0.00021130459262559434,0.02898877539862745,0.029817089401719777,False,1.1692512865128555
deep,70000,23.0,9,45000,90000,0,BPSK,0.0012763454861111111,5.099292469566495e-05,0.0011763993537076078,0.0013762916185146145,False,0.6684367212734308
deep,70000,23.0,9,45000,90000,1,QPSK,0.0025365704571759257,7.149339283062453e-05,0.002396443407227902,0.0026766975071239496,False,0.4344200657362188
deep,70000,23.0,9,45000,90000,2,16QAM,0.009719099030671296,0.00012922179980130779,0.009465824303060732,0.009972373758281859,False,0.16786818910000664
deep,70000,23.0,9,45000,90000,3,64QAM,0.029439822048611113,0.00019921869201527064,0.029049353412261184,0.02983029068496104,False,0.03776305494127799
deep,70000,23.0,10,50000,100000,0,BPSK,0.0012703190104166667,4.8111915328042434e-05,0.0011760196563737036,0.0013646183644596297,False,1.0648194461719318
deep,70000,23.0,10,50000,100000,1,QPSK,0.0025260677083333333,6.759229883442372e-05,0.002393586802617863,0.0026585486140488037,False,0.7428097826611417
deep,70000,23.0,10,50000,100000,2,16QAM,0.009679973958333333,0.0001223356781869615,0.009440196029086889,0.009919751887579776,False,0.38952489888744873
deep,70000,23.0,10,50000,100000,3,64QAM,0.02938708984375,0.00018863521381702315,0.029017364824668632,0.029756814862831365,False,0.32431967742482054
deep,70000,23.0,11,55000,110000,0,BPSK,0.0012655835700757577,4.584820175875235e-05,0.0011757210946286031,0.0013554460455229122,False,0.9122808377814925
deep,70000,23.0,11,55000,110000,1,QPSK,0.0025201911695075757,6.428374330810577e-05,0.0023941950326236885,0.002646187306391463,False,0.5357036087502095
deep,70000,23.0,11,55000,110000,2,16QAM,0.009670411635890152,0.00011656571820653655,0.00944194282820534,0.009898880443574964,False,0.39168531847979493
deep,70000,23.0,11,55000,110000,3,64QAM,0.029366789970012627,0.00017977047861327428,0.02901443983193061,0.029719140108094642,False,0.4901266022833784
deep,70000,23.0,12,60000,120000,0,BPSK,0.0012503743489583334,4.358354614754827e-05,0.0011649505985091388,0.001335798099407528,False,1.2016225899366804
deep,70000,23.0,12,60000,120000,1,QPSK,0.002492976888020833,6.115093697257498e-05,0.0023731210515545863,0.00261283272448708,False,0.7609995282705194
deep,70000,23.0,12,60000,120000,2,16QAM,0.009608162434895833,0.00011109216740374211,0.009390421786784498,0.009825903083007168,False,0.3181194523354534
deep,70000,23.0,12,60000,120000,3,64QAM,0.029266233543113425,0.0001715959516895461,0.028929905477801915,0.029602561608424935,False,0.21697072172369544
deep,70000,23.0,13,65000,130000,0,BPSK,0.0012577173477564102,4.219873308095762e-05,0.0011750078309177333,0.0013404268645950872,False,1.7458689291810672
deep,70000,23.0,13,65000,130000,1,QPSK,0.0024971028645833335,5.901197302265386e-05,0.002381439397458932,0.002612766331707735,False,1.1137183463674376
deep,70000,23.0,13,65000,130000,2,16QAM,0.009593758764022436,0.00010676266200569496,0.009384503946491275,0.009803013581553598,False,0.09732180538882178
deep,70000,23.0,13,65000,130000,3,64QAM,0.029227926348824786,0.0001647825604638214,0.028904952530315695,0.029550900167333877,False,0.3294645461999354
deep,70000,23.0,14,70000,140000,0,BPSK,0.0012512044270833332,4.06350854006732e-05,0.0011715596596980138,0.0013308491944686526,False,1.8533792693027191
deep,70000,23.0,14,70000,140000,1,QPSK,0.002480947730654762,5.6745234191307155e-05,0.0023697270716398,0.0025921683896697237,False,1.2062306704104393
deep,70000,23.0,14,70000,140000,2,16QAM,0.009555690801711309,0.00010259740133694913,0.009354599895090888,0.00975678170833173,False,0.2362026857404053
deep,70000,23.0,14,70000,140000,3,64QAM,0.02917837844122024,0.00015848538044943802,0.02886774709553934,0.029489009786901138,False,0.14920906773504208
deep,70000,23.5,1,5000,10000,0,BPSK,0.001169140625,0.000148131347770216,0.0008788031833703767,0.0014594780666296234,False,0.7568079379021975
deep,70000,23.5,1,5000,10000,1,QPSK,0.00223349609375,0.00020534208646630695,0.0018310256042760385,0.0026359665832239618,False,0.21796302674428136
deep,70000,23.5,1,5000,10000,2,16QAM,0.0087037109375,0.0003667805489980921,0.007984821061463738,0.00942260081353626,False,0.05981508836754477
deep,70000,23.5,1,5000,10000,3,64QAM,0.026524793836805557,0.0005705191200964728,0.02540657636141647,0.027643011312194644,False,0.1577547857251857
deep,70000,23.5,2,10000,20000,0,BPSK,0.0012651041666666668,0.0001074157782824223,0.001054569241233119,0.0014756390921002146,False,0.46668402698866396
deep,70000,23.5,2,10000,20000,1,QPSK,0.0023845377604166666,0.00015016590738826645,0.0020902125819356643,0.002678862938897669,False,0.39473735205879973
deep,70000,23.5,2,10000,20000,2,16QAM,0.00881904296875,0.00026562097163312356,0.008298425864349077,0.009339660073150922,False,0.329899613528637
deep,70000,23.5,2,10000,20000,3,64QAM,0.02670240885416667,0.0004068688991833425,0.02590494581176732,0.027499871896566018,False,0.3762083105385997
deep,70000,23.5,3,15000,30000,0,BPSK,0.0012930555555555555,8.927853902404928e-05,0.0011180696190684189,0.0014680414920426922,False,0.477879480409617
deep,70000,23.5,3,15000,30000,1,QPSK,0.0024540147569444446,0.0001245601713115972,0.002209876821173714,0.0026981526927151753,False,0.2559312772404776
deep,70000,23.5,3,15000,30000,2,16QAM,0.008919080946180555,0.00021927081208243229,0.008489310154498988,0.009348851737862122,False,0.22884141955980875
deep,70000,23.5,3,15000,30000,3,64QAM,0.026827105034722222,0.0003344126787912207,0.02617165618429143,0.027482553885153013,False,0.47300651874246996
deep,70000,23.5,4,20000,40000,0,BPSK,0.0013018391927083334,7.760937464818461e-05,0.0011497248183978915,0.0014539535670187753,False,0.35504779719763413
deep,70000,23.5,4,20000,40000,1,QPSK,0.0024538167317708333,0.00010822020543020124,0.002241705129127639,0.002665928334414028,False,0.4837487282237355
deep,70000,23.5,4,20000,40000,2,16QAM,0.008828218587239584,0.00018968849944277157,0.008456429128331751,0.009200008046147417,False,0.16939659075945596
deep,70000,23.5,4,20000,40000,3,64QAM,0.026641810438368056,0.00028853494501876936,0.026076281946131267,0.027207338930604844,False,0.5807190809366185
deep,70000,23.5,5,25000,50000,0,BPSK,0.0012304166666666668,6.612819899619713e-05,0.0011008053966341204,0.0013600279366992132,False,0.12089718163615817
deep,70000,23.5,5,25000,50000,1,QPSK,0.0023795247395833334,9.379206549165984e-05,0.0021956922912196803,0.0025633571879469866,False,0.22357811132842859
deep,70000,23.5,5,25000,50000,2,16QAM,0.008744606119791666,0.00016744677548816706,0.008416410439834859,0.009072801799748474,False,0.20375137962257944
deep,70000,23.5,5,25000,50000,3,64QAM,0.026572220052083335,0.00025672314074231016,0.026069042696228405,0.027075397407938264,False,0.4995227721023367
deep,70000,23.5,6,30000,60000,0,BPSK,0.0012111219618055555,6.0125186654122135e-05,0.001093276595963476,0.0013289673276476348,False,0.11676207575059386
deep,70000,23.5,6,30000,60000,1,QPSK,0.002343701171875,8.507941246291883e-05,0.0021769455234476793,0.0025104568203023207,False,0.08015576029925625
deep,70000,23.5,6,30000,60000,2,16QAM,0.008681930881076388,0.00015189676855176945,0.00838421321471492,0.008979648547437857,False,0.30389861562153625
deep,70000,23.5,6,30000,60000,3,64QAM,0.026495580150462963,0.00023354624403963494,0.02603782951214528,0.026953330788780646,False,0.4488836703127747
deep,70000,23.5,7,35000,70000,0,BPSK,0.0011744326636904763,5.446382656503348e-05,0.0010676835636230107,0.0012811817637579418,False,0.07120911064058079
deep,70000,23.5,7,35000,70000,1,QPSK,0.0022992838541666667,7.74987927276779e-05,0.002147386220420418,0.0024511814879129156,False,0.1399301553047055
deep,70000,23.5,7,35000,70000,2,16QAM,0.008662141927083334,0.0001396082397337257,0.008388509777205231,0.008935774076961436,False,0.2620783582405729
deep,70000,23.5,7,35000,70000,3,64QAM,0.026480636160714284,0.00021574939915469812,0.026057767338371077,0.02690350498305749,False,0.2974167677470774
deep,70000,23.5,8,40000,80000,0,BPSK,0.0011450358072916667,5.045284224257725e-05,0.0010461482364962152,0.0012439233780871181,False,0.09290796607695416
deep,70000,23.5,8,40000,80000,1,QPSK,0.0022584391276041665,7.165541694475996e-05,0.002117994510392437,0.002398883744815896,False,0.21748833185494265
deep,70000,23.5,8,40000,80000,2,16QAM,0.008619759114583334,0.00012972697191051134,0.008365494249638731,0.008874023979527936,False,0.014302786291746908
deep,70000,23.5,8,40000,80000,3,64QAM,0.026437737358940974,0.00020127164036309558,0.026043244943829306,0.02683222977405264,False,0.015654220862037993
deep,70000,23.5,9,45000,90000,0,BPSK,0.001136740451388889,4.719447622159997e-05,0.001044239277994553,0.001229241624783225,False,0.29229648361807553
deep,70000,23.5,9,45000,90000,1,QPSK,0.00225283203125,6.727669746007334e-05,0.0021209697042282563,0.002384694358271744,False,0.2933751763031636
deep,70000,23.5,9,45000,90000,2,16QAM,0.00860611255787037,0.00012212608795273975,0.008366745425483001,0.00884547969025774,False,0.012705235323303882
deep,70000,23.5,9,45000,90000,3,64QAM,0.026417906057098765,0.00018965138607946082,0.02604618934038302,0.026789622773814508,False,0.1332059342866659
deep,70000,23.5,10,50000,100000,0,BPSK,0.0011149609375,4.427470755838943e-05,0.0010281825106855569,0.0012017393643144433,False,0.19115882095102674
deep,70000,23.5,10,50000,100000,1,QPSK,0.002219596354166667,6.316728096580814e-05,0.002095788483473683,0.0023434042248596508,False,0.2585920899914335
deep,70000,23.5,10,50000,100000,2,16QAM,0.008545930989583334,0.00011514813489951772,0.008320240645180279,0.00877162133398639,False,0.06945841618867421
deep,70000,23.5,10,50000,100000,3,64QAM,0.026337083333333334,0.00017931605838670807,0.025985623858895385,0.026688542807771283,False,0.17877448784845493
deep,70000,23.5,11,55000,110000,0,BPSK,0.001116583806818182,4.24891443307309e-05,0.0010333050839299493,0.0011998625297064145,False,0.5666536859000746
deep,70000,23.5,11,55000,110000,1,QPSK,0.002225005918560606,6.037164180524487e-05,0.002106677500622326,0.002343334336498886,False,0.6130138812803064
deep,70000,23.5,11,55000,110000,2,16QAM,0.008572555634469696,0.00010993860538708198,0.008357075967911015,0.008788035301028377,False,0.4448650870267225
deep,70000,23.5,11,55000,110000,3,64QAM,0.026371566248421716,0.0001712079798040674,0.026035998608005744,0.02670713388883769,False,0.47752301115515694
deep,70000,23.5,12,60000,120000,0,BPSK,0.0011076497395833334,4.0569065109309814e-05,0.0010281343719690862,0.0011871651071975807,False,0.6239878996767125
deep,70000,23.5,12,60000,120000,1,QPSK,0.002210007052951389,5.7603864190164176e-05,0.002097103479138667,0.0023229106267641107,False,0.6093200933129301
deep,70000,23.5,12,60000,120000,2,16QAM,0.008513077799479166,0.00010488324820358302,0.008307506633000143,0.00871864896595819,False,0.5912436137393462
deep,70000,23.5,12,60000,120000,3,64QAM,0.026273481807002314,0.00016344741625619105,0.02595312487114018,0.02659383874286445,False,0.7475488276943437
deep,70000,23.5,13,65000,130000,0,BPSK,0.001118134014423077,3.9318831007703e-05,0.001041069105647979,0.0011951989231981748,False,0.9905511402417225
deep,70000,23.5,13,65000,130000,1,QPSK,0.0022267252604166667,5.565954499453413e-05,0.0021176325522273796,0.0023358179686059537,False,1.0017457291836178
deep,70000,23.5,13,65000,130000,2,16QAM,0.00855741436298077,0.0001010927880366404,0.008359272498428955,0.008755556227532584,False,0.8629893722923258
deep,70000,23.5,13,65000,130000,3,64QAM,0.02635203575721154,0.00015742181594736342,0.02604348899795471,0.02666058251646837,False,0.8135397870548745
deep,70000,23.5,14,70000,140000,0,BPSK,0.0011339425223214285,3.828087912974964e-05,0.0010589119992271193,0.0012089730454157377,False,1.1621847264722551
deep,70000,23.5,14,70000,140000,1,QPSK,0.0022451427641369047,5.407315656411084e-05,0.0021391593772712475,0.002351126151002562,False,1.2098946055653708
deep,70000,23.5,14,70000,140000,2,16QAM,0.008572347005208333,9.770998363758966e-05,0.008380835437278657,0.008763858573138009,False,1.1037506842893157
deep,70000,23.5,14,70000,140000,3,64QAM,0.026368095858134922,0.00015185244068073453,0.02607046507440068,0.026665726641869163,False,1.172790742209385
deep,70000,24.0,1,5000,10000,0,BPSK,0.0010513671875,0.0001397960208554758,0.0007773669866232675,0.0013253673883767325,False,1.465668151598783
deep,70000,24.0,1,5000,10000,1,QPSK,0.002095670572916667,0.00019500802607884,0.0017134548418021405,0.0024778863040311933,False,1.822552414036961
deep,70000,24.0,1,5000,10000,2,16QAM,0.007999267578125,0.00035397770148317813,0.007305471283217971,0.00869306387303203,False,2.213790946335726
deep,70000,24.0,1,5000,10000,3,64QAM,0.024429698350694445,0.0005527246698482974,0.02334635799779178,0.02551303870359711,False,2.0367717365034532
deep,70000,24.0,2,10000,20000,0,BPSK,0.00096171875,9.129661600989973e-05,0.0007827773826205966,0.0011406601173794034,False,0.4977386419624627
deep,70000,24.0,2,10000,20000,1,QPSK,0.0019591471354166667,0.00013156363954924523,0.0017012824019001461,0.002217011868933187,False,0.8528668471910775
deep,70000,24.0,2,10000,20000,2,16QAM,0.007673868815104167,0.00024266372737947992,0.007198247909440386,0.008149489720767948,False,1.3812200044394398
deep,70000,24.0,2,10000,20000,3,64QAM,0.02387580837673611,0.0003833539756906269,0.02312443458438248,0.02462718216908974,False,1.2586264431708607
deep,70000,24.0,3,15000,30000,0,BPSK,0.0009590928819444445,7.448114910790042e-05,0.0008131098296929596,0.0011050759341959292,False,0.6168187042455604
deep,70000,24.0,3,15000,30000,1,QPSK,0.0019510633680555555,0.00010699410975460177,0.0017413549129365361,0.002160771823174575,False,1.0707310137958785
deep,70000,24.0,3,15000,30000,2,16QAM,0.007613764105902778,0.00019774063254242373,0.0072261924661196275,0.008001335745685928,False,1.4756012512186176
deep,70000,24.0,3,15000,30000,3,64QAM,0.02365636574074074,0.0003121546686896431,0.023044542590109043,0.02426818889137244,False,1.438884213388904
deep,70000,24.0,4,20000,40000,0,BPSK,0.0009729166666666666,6.614781508942159e-05,0.0008432669490914004,0.001102566384241933,False,1.1431787964471454
deep,70000,24.0,4,20000,40000,1,QPSK,0.001953287760416667,9.372432990726938e-05,0.0017695880737984189,0.0021369874470349146,False,1.5811917620601315
deep,70000,24.0,4,20000,40000,2,16QAM,0.007610563151041667,0.00017143826259740136,0.0072745441563507604,0.007946582145732574,False,1.6839101862781787
deep,70000,24.0,4,20000,40000,3,64QAM,0.023621845160590276,0.00027040246225202885,0.023091856334576298,0.024151833986604254,False,1.364053726517559
deep,70000,24.0,5,25000,50000,0,BPSK,0.0009759895833333334,5.928374771771399e-05,0.000859793437806614,0.001092185728860053,False,1.2018524371132602
deep,70000,24.0,5,25000,50000,1,QPSK,0.0019630859375,8.37069964820843e-05,0.001799020224395115,0.0021271516506048854,False,1.847386171929645
deep,70000,24.0,5,25000,50000,2,16QAM,0.007649495442708334,0.0001537259196262057,0.00734819264024097,0.007950798245175696,False,2.164608316123549
deep,70000,24.0,5,25000,50000,3,64QAM,0.02373507595486111,0.00024243629685911577,0.023259900813017244,0.02421025109670498,False,1.7284648478541644
deep,70000,24.0,6,30000,60000,0,BPSK,0.0009930230034722223,5.4649880386886946e-05,0.0008859092379139239,0.0011001367690305207,False,0.6554080601221514
deep,70000,24.0,6,30000,60000,1,QPSK,0.0019873914930555554,7.709539673096174e-05,0.0018362845154628704,0.0021384984706482404,False,1.2243348822757418
deep,70000,24.0,6,30000,60000,2,16QAM,0.007661583116319444,0.0001408955366128116,0.007385427864558334,0.007937738368080555,False,2.0030641343170865
deep,70000,24.0,6,30000,60000,3,64QAM,0.02378387767650463,0.00022159707824460974,0.023349547403145193,0.024218207949864064,False,1.7722779528543375
deep,70000,24.0,7,35000,70000,0,BPSK,0.0009784505208333333,5.016029159802508e-05,0.0008801363493012042,0.0010767646923654625,False,0.7040276635803687
deep,70000,24.0,7,35000,70000,1,QPSK,0.0019683872767857144,7.0799878746582e-05,0.0018296195144424138,0.002107155039129015,False,1.4715581020799602
deep,70000,24.0,7,35000,70000,2,16QAM,0.007652534412202381,0.00013007419294165266,0.007397588994036741,0.00790747983036802,False,2.2955776926666736
deep,70000,24.0,7,35000,70000,3,64QAM,0.023753321862599205,0.00020500815106336986,0.023351505886515,0.02415513783868341,False,1.7079152750398168
deep,70000,24.0,8,40000,80000,0,BPSK,0.0009813802083333332,4.732562048564659e-05,0.0008886219921814659,0.0010741384244852006,False,1.0547913456879934
deep,70000,24.0,8,40000,80000,1,QPSK,0.0019596883138020835,6.647367364669259e-05,0.0018293999134545661,0.002089976714149601,False,1.7442684536615962
deep,70000,24.0,8,40000,80000,2,16QAM,0.007631361897786459,0.00012148869693950813,0.007393244051785023,0.007869479743787895,False,2.527209136500421
deep,70000,24.0,8,40000,80000,3,64QAM,0.023730208333333332,0.0001914784464401019,0.023354910578310732,0.024105506088355932,False,2.1565770569999536
deep,70000,24.0,9,45000,90000,0,BPSK,0.0009990523726851853,4.5073255903244254e-05,0.0009107087911148265,0.001087395954255544,False,0.784953771961369
deep,70000,24.0,9,45000,90000,1,QPSK,0.001980682146990741,6.329718737392527e-05,0.0018566196597378474,0.0021047446342436346,False,1.4977469946606856
deep,70000,24.0,9,45000,90000,2,16QAM,0.007640503833912037,0.00011492706137381656,0.007415246793619357,0.007865760874204718,False,2.172048836563464
deep,70000,24.0,9,45000,90000,3,64QAM,0.02373509476273148,0.00018070114909817683,0.023380920510499052,0.02408926901496391,False,1.728332961614674
deep,70000,24.0,10,50000,100000,0,BPSK,0.0009871484375,4.266187418481174e-05,0.000903531164097769,0.001070765710902231,False,1.1375195789321555
deep,70000,24.0,10,50000,100000,1,QPSK,0.001957932942708333,5.9729674455805384e-05,0.0018408627807749546,0.0020750031046417117,False,1.761481134937528
deep,70000,24.0,10,50000,100000,2,16QAM,0.007602198893229167,0.00010849895998078614,0.007389540931666826,0.007814856854791509,False,2.4271329494079383
deep,70000,24.0,10,50000,100000,3,64QAM,0.023713317057291666,0.00017100865444872723,0.02337814009457216,0.02404849402001117,False,2.2071970526553666
deep,70000,24.0,11,55000,110000,0,BPSK,0.0009925544507575757,4.075845918385545e-05,0.000912667870757219,0.0010724410307579324,False,0.9238292675601284
deep,70000,24.0,11,55000,110000,1,QPSK,0.001973345762310606,5.7086111989349985e-05,0.0018614569828114803,0.002085234541809732,False,1.5616565753711547
deep,70000,24.0,11,55000,110000,2,16QAM,0.007650544507575758,0.00010383700544207587,0.007447023976909289,0.007854065038242227,False,2.239286599008253
deep,70000,24.0,11,55000,110000,3,64QAM,0.02380586430713384,0.00016352400757048812,0.023485357252295683,0.024126371361971995,False,1.8919160533201644
deep,70000,24.0,12,60000,120000,0,BPSK,0.000992312282986111,3.895952813993035e-05,0.0009159516078318476,0.0010686729581403747,False,0.907809060091302
deep,70000,24.0,12,60000,120000,1,QPSK,0.001975371636284722,5.4577456152863206e-05,0.0018683998222251102,0.002082343450344334,False,1.5336999402526945
deep,70000,24.0,12,60000,120000,2,16QAM,0.0076530721028645835,9.947031430521718e-05,0.007458110286826358,0.007848033918902809,False,2.212451913377566
deep,70000,24.0,12,60000,120000,3,64QAM,0.02379733525028935,0.0001566039539164935,0.023490391500613023,0.02410427899996568,False,1.8163600061690606
deep,70000,24.0,13,65000,130000,0,BPSK,0.0009998697916666667,3.759345502063428e-05,0.0009261866198262235,0.0010735529635071098,False,0.6588800493680498
deep,70000,24.0,13,65000,130000,1,QPSK,0.001982697315705128,5.262354879356075e-05,0.001879555160069749,0.0020858394713405073,False,1.12886933933794
deep,70000,24.0,13,65000,130000,2,16QAM,0.00764287610176282,9.569005996313732e-05,0.007455323584235071,0.007830428619290569,False,1.6384341818025576
deep,70000,24.0,13,65000,130000,3,64QAM,0.02375275691105769,0.00015042624951025927,0.023457921462017584,0.0240475923600978,False,1.4883046461581149
deep,70000,24.0,14,70000,140000,0,BPSK,0.0010026925223214286,3.626453816017884e-05,0.0009316140275274781,0.0010737710171153793,False,1.0467634324440407
deep,70000,24.0,14,70000,140000,1,QPSK,0.0019859072730654763,5.07756641945805e-05,0.0018863869712440985,0.002085427574886854,False,1.3908627609911446
deep,70000,24.0,14,70000,140000,2,16QAM,0.007642466517857143,9.228192683300876e-05,0.007461593941264446,0.00782333909444984,False,1.795642734293576
deep,70000,24.0,14,70000,140000,3,64QAM,0.023718138485863096,0.0001449621330710008,0.023434012705043934,0.02400226426668226,False,1.593354911786136
deep,70000,26.0,1,5000,10000,0,BPSK,0.0006261067708333333,0.00010905114858389097,0.00041236651960890706,0.0008398470220577596,False,0.5008690906559446
deep,70000,26.0,1,5000,10000,1,QPSK,0.0011786783854166667,0.00014992001461736404,0.0008848351567666331,0.0014725216140667003,False,0.15958253034053474
deep,70000,26.0,1,5000,10000,2,16QAM,0.004576611328125,0.0002679737489462253,0.0040513827801903985,0.005101839876059601,False,0.020467496881888397
deep,70000,26.0,1,5000,10000,3,64QAM,0.015270583767361111,0.0004350290635310802,0.014417926802840195,0.016123240731882028,False,0.46119284579649655
deep,70000,26.0,2,10000,20000,0,BPSK,0.0006895182291666666,8.124091969786675e-05,0.0005302860265588478,0.0008487504317744854,False,0.4110950950466432
deep,70000,26.0,2,10000,20000,1,QPSK,0.0013134440104166666,0.00011235618620748203,0.001093225885450002,0.0015336621353833314,False,0.07358761316598168
deep,70000,26.0,2,10000,20000,2,16QAM,0.0048891845703125,0.00019879085543522926,0.00449955449365945,0.0052788146469655494,False,0.0715162110069363
deep,70000,26.0,2,10000,20000,3,64QAM,0.015648453776041668,0.00031717682363469643,0.015026787201717663,0.016270120350365673,False,0.3640061363639015
deep,70000,26.0,3,15000,30000,0,BPSK,0.0007139105902777778,6.985710673007567e-05,0.0005769906610868295,0.0008508305194687262,False,0.6122926336154239
deep,70000,26.0,3,15000,30000,1,QPSK,0.0013294596354166666,9.392403504862864e-05,0.0011453685267213544,0.0015135507441119789,False,0.38435047629988073
deep,70000,26.0,3,15000,30000,2,16QAM,0.004843695746527777,0.00016325834128410704,0.004523709397610928,0.005163682095444627,False,0.13870672058904518
deep,70000,26.0,3,15000,30000,3,64QAM,0.015320518663194444,0.00025808813395236766,0.014814665920647804,0.015826371405741085,False,0.2267601487125732
deep,70000,26.0,4,20000,40000,0,BPSK,0.0006687174479166666,5.720517499848887e-05,0.0005565953049196284,0.0007808395909137049,False,0.9178611379630143
deep,70000,26.0,4,20000,40000,1,QPSK,0.0012817952473958333,7.828542941254911e-05,0.001128355805747237,0.0014352346890444294,False,0.6593704832626444
deep,70000,26.0,4,20000,40000,2,16QAM,0.00482459716796875,0.0001394789671426032,0.0045512183923692474,0.005097975943568252,False,0.12080362312468469
deep,70000,26.0,4,20000,40000,3,64QAM,0.015388042534722222,0.00022277449919709395,0.014951404516295919,0.015824680553148528,False,0.5641205455806332
deep,70000,26.0,5,25000,50000,0,BPSK,0.0007167057291666667,5.250768792711866e-05,0.0006137906608295142,0.0008196207975038192,False,0.5948991200062571
deep,70000,26.0,5,25000,50000,1,QPSK,0.00136314453125,7.240341455463436e-05,0.0012212338387229168,0.0015050552237770834,False,0.45075855730951664
deep,70000,26.0,5,25000,50000,2,16QAM,0.004964921875,0.00012801049715919672,0.004714021300567975,0.005215822449432026,False,0.24111768472371062
deep,70000,26.0,5,25000,50000,3,64QAM,0.015526959635416667,0.00020201853655338656,0.015131003303772029,0.015922915967061305,False,1.0651088457602982
deep,70000,26.0,6,30000,60000,0,BPSK,0.0007307400173611112,4.901987811915205e-05,0.0006346610562475731,0.0008268189784746492,False,1.2150111438853728
deep,70000,26.0,6,30000,60000,1,QPSK,0.0013754557291666668,6.692832928387052e-05,0.0012442762037702805,0.001506635254563053,False,1.1707016650125988
deep,70000,26.0,6,30000,60000,2,16QAM,0.004986151801215278,0.00011736878013744085,0.004756108992145893,0.005216194610284662,False,0.41955642610385885
deep,70000,26.0,6,30000,60000,3,64QAM,0.015599452039930555,0.00018486982895345625,0.01523710717518178,0.01596179690467933,False,0.5949259314421773
deep,70000,26.0,7,35000,70000,0,BPSK,0.0007204334077380953,4.514771843169187e-05,0.0006319438796119792,0.0008089229358642113,False,1.3520100162064745
deep,70000,26.0,7,35000,70000,1,QPSK,0.0013604259672619049,6.161776930675551e-05,0.0012396551394206641,0.0014811967951031456,False,1.4223194106361816
deep,70000,26.0,7,35000,70000,2,16QAM,0.004961760602678571,0.00010813181059429478,0.004749822253913754,0.0051736989514433885,False,0.6473209770567501
deep,70000,26.0,7,35000,70000,3,64QAM,0.01560198722718254,0.00017076969128751755,0.015267278632259006,0.015936695822106075,False,0.2809717274518112
deep,70000,26.0,8,40000,80000,0,BPSK,0.0007034342447916667,4.1394282206285186e-05,0.0006223014516673477,0.0007845670379159857,False,0.8473346099182161
deep,70000,26.0,8,40000,80000,1,QPSK,0.0013352701822916667,5.68837296495627e-05,0.0012237780721785238,0.0014467622924048097,False,0.7565210544702399
deep,70000,26.0,8,40000,80000,2,16QAM,0.004934183756510417,0.00010035694552335319,0.004737484143284645,0.005130883369736189,False,0.17191136530725165
deep,70000,26.0,8,40000,80000,3,64QAM,0.015624827745225695,0.00015926741378581097,0.015312663614205505,0.015936991876245882,False,0.4843166571947273
deep,70000,26.0,9,45000,90000,0,BPSK,0.0007033420138888889,3.882010240199853e-05,0.0006272546131809718,0.000779429414596806,False,1.0338230634732994
deep,70000,26.0,9,45000,90000,1,QPSK,0.0013449182581018518,5.356186558768536e-05,0.0012399370015499884,0.0014498995146537152,False,0.8934551707264015
deep,70000,26.0,9,45000,90000,2,16QAM,0.004977882667824074,9.499968580966426e-05,0.004791683283637133,0.005164082052011016,False,0.48691018253988777
deep,70000,26.0,9,45000,90000,3,64QAM,0.015685210503472224,0.0001507301166559701,0.015389779474826523,0.015980641532117926,False,0.20669120423070667
deep,70000,26.0,10,50000,100000,0,BPSK,0.00068021484375,3.568426226485549e-05,0.0006102736897108833,0.0007501559977891168,False,0.47161859552697233
deep,70000,26.0,10,50000,100000,1,QPSK,0.0013240983072916666,4.9779980318492465e-05,0.0012265295458674214,0.0014216670687159118,False,0.16720631869051672
deep,70000,26.0,10,50000,100000,2,16QAM,0.0049807470703125,8.964295477461128e-05,0.004805046878954262,0.005156447261670739,False,0.1813646085623643
deep,70000,26.0,10,50000,100000,3,64QAM,0.0157176171875,0.00014292763551532515,0.015437479021889964,0.01599775535311004,False,0.1626598289655012
deep,70000,26.0,11,55000,110000,0,BPSK,0.0006829900568181819,3.397094818273398e-05,0.0006164069983800233,0.0007495731152563404,False,0.48085705767737563
deep,70000,26.0,11,55000,110000,1,QPSK,0.001332525449810606,4.7567014623763125e-05,0.0012392941011480304,0.0014257567984731817,False,0.23323503183258568
deep,70000,26.0,11,55000,110000,2,16QAM,0.004988436612215909,8.566237609740262e-05,0.004820538355065,0.0051563348693668175,False,0.04019392368021647
deep,70000,26.0,11,55000,110000,3,64QAM,0.01572179016729798,0.00013640526636462025,0.015454435845223324,0.015989144489372636,False,0.07423915285509945
deep,70000,26.0,12,60000,120000,0,BPSK,0.0006726888020833333,3.2014591721099476e-05,0.0006099402023099783,0.0007354374018566883,False,0.7730972411883082
deep,70000,26.0,12,60000,120000,1,QPSK,0.0013284559461805557,4.5133878907274e-05,0.0012399935435222986,0.0014169183488388127,False,0.5252971029024255
deep,70000,26.0,12,60000,120000,2,16QAM,0.005004545084635417,8.198616298505782e-05,0.0048438522051847035,0.00516523796408613,False,0.017618737459896346
deep,70000,26.0,12,60000,120000,3,64QAM,0.015726920572916667,0.00013073528335878898,0.015470679417533441,0.015983161728299895,False,0.03925762799596925
deep,70000,26.0,13,65000,130000,0,BPSK,0.0006606770833333333,3.0278445807003218e-05,0.000601331329551607,0.0007200228371150596,False,0.8547791260076825
deep,70000,26.0,13,65000,130000,1,QPSK,0.001312469951923077,4.291463252414002e-05,0.0012283572721757626,0.0013965826316703913,False,0.7390413937634395
deep,70000,26.0,13,65000,130000,2,16QAM,0.0049849859775641025,7.840496563361428e-05,0.004831312244922219,0.005138659710205986,False,0.3143531722487162
deep,70000,26.0,13,65000,130000,3,64QAM,0.015706041332799146,0.0001253363152733946,0.015460382154863292,0.015951700510735,False,0.10701668261961109
deep,70000,26.0,14,70000,140000,0,BPSK,0.0006545805431547619,2.8948937355577676e-05,0.0005978406259378297,0.0007113204603716942,False,0.9508156322546537
deep,70000,26.0,14,70000,140000,1,QPSK,0.0013029622395833334,4.1117251816445205e-05,0.0012223724260231007,0.001383552053143566,False,0.826296369783345
deep,70000,26.0,14,70000,140000,2,16QAM,0.0049675944010416665,7.532686734608241e-05,0.004819953741043345,0.005115235061039988,False,0.5845973864429366
deep,70000,26.0,14,70000,140000,3,64QAM,0.015684299820188492,0.00012058544805730127,0.015447952341996182,0.015920647298380802,False,0.2859343243918544
deep,70000,28.0,1,5000,10000,0,BPSK,0.00045690104166666665,0.0001048608904164041,0.0002513736964505146,0.0006624283868828187,False,0.5984919847513397
deep,70000,28.0,1,5000,10000,1,QPSK,0.0008493815104166667,0.0001344484446374004,0.0005858625589273619,0.0011129004619059714,False,0.6118073069925682
deep,70000,28.0,1,5000,10000,2,16QAM,0.0033244466145833334,0.0002298217856622215,0.0028739959146853794,0.0037748973144812875,False,1.4441037477526877
deep,70000,28.0,1,5000,10000,3,64QAM,0.01063117404513889,0.00037695073416854944,0.009892350606168533,0.011369997484109245,True,2.0828305748972067
deep,70000,28.0,2,10000,20000,0,BPSK,0.00048636067708333333,7.449586189797275e-05,0.0003403487877633067,0.00063237256640336,False,0.3701013582489193
deep,70000,28.0,2,10000,20000,1,QPSK,0.0009021647135416666,9.684355367367716e-05,0.0007123513483412594,0.0010919780787420738,False,0.6791427611364949
deep,70000,28.0,2,10000,20000,2,16QAM,0.003406396484375,0.0001666905800103358,0.003079682947554742,0.003733110021195258,False,0.06590687153452207
deep,70000,28.0,2,10000,20000,3,64QAM,0.010754242621527778,0.0002697715788033065,0.010225490327073298,0.011282994915982258,False,0.9868810738786633
deep,70000,28.0,3,15000,30000,0,BPSK,0.0004487847222222222,5.804384869767557e-05,0.0003350187787747781,0.0005625506656696663,False,0.37536936214288086
deep,70000,28.0,3,15000,30000,1,QPSK,0.0008404513888888888,7.572279334377824e-05,0.0006920347139350835,0.000988868063842694,False,0.5820577021721823
deep,70000,28.0,3,15000,30000,2,16QAM,0.0032726942274305558,0.00013206059668127083,0.003013855457935265,0.0035315329969258465,False,0.2733981964836275
deep,70000,28.0,3,15000,30000,3,64QAM,0.010556362123842592,0.0002160641960511413,0.010132876299582354,0.01097984794810283,False,0.38616782233812474
deep,70000,28.0,4,20000,40000,0,BPSK,0.00038642578125,4.472837112603074e-05,0.0002987581738429797,0.0004740933886570203,False,0.6520795720198431
deep,70000,28.0,4,20000,40000,1,QPSK,0.0007723470052083334,6.0152587754035575e-05,0.0006544479332104237,0.000890246077206243,False,0.8455571220353542
deep,70000,28.0,4,20000,40000,2,16QAM,0.0031771158854166665,0.0001105897527858072,0.0029603599699564846,0.0033938718008768485,False,0.5843533404537086
deep,70000,28.0,4,20000,40000,3,64QAM,0.01034501953125,0.0001841167205034168,0.009984150759063302,0.010705888303436696,True,0.47343993622334035
deep,70000,28.0,5,25000,50000,0,BPSK,0.0003792057291666667,3.903750021866369e-05,0.00030269222873808584,0.00045571922959524754,False,0.39324835441698947
deep,70000,28.0,5,25000,50000,1,QPSK,0.0007629166666666666,5.3064223234505275e-05,0.0006589107891270362,0.000866922544206297,False,0.5467000456431985
deep,70000,28.0,5,25000,50000,2,16QAM,0.003125126953125,9.81835021364079e-05,0.0029326872889376405,0.0033175666173123597,False,0.21148945738912683
deep,70000,28.0,5,25000,50000,3,64QAM,0.01020338107638889,0.00016351327486520067,0.009882895057653097,0.010523867095124682,True,0.6905090455765347
deep,70000,28.0,6,30000,60000,0,BPSK,0.00034308810763888887,3.303241317371275e-05,0.00027834457781841185,0.0004078316374593659,False,0.3183008191862986
deep,70000,28.0,6,30000,60000,1,QPSK,0.0007162760416666667,4.574475938276574e-05,0.0006266163132764459,0.0008059357700568875,False,0.5958452576968348
deep,70000,28.0,6,30000,60000,2,16QAM,0.003071321614583333,8.747567810561082e-05,0.002899869285496336,0.0032427739436703303,False,0.28269049827149967
deep,70000,28.0,6,30000,60000,3,64QAM,0.01015438548900463,0.00014782448766061728,0.00986464949318982,0.01044412148481944,True,0.8358205112445526
deep,70000,28.0,7,35000,70000,0,BPSK,0.00034557291666666666,3.069686110415825e-05,0.0002854070689025165,0.0004057387644308168,False,0.570209305820971
deep,70000,28.0,7,35000,70000,1,QPSK,0.0007170758928571429,4.2559805814958275e-05,0.0006336586734598246,0.0008004931122544611,False,0.8553248603910849
deep,70000,28.0,7,35000,70000,2,16QAM,0.0030543526785714284,8.092838712569059e-05,0.0028957330398050748,0.003212972317337782,False,0.5416329876909465
deep,70000,28.0,7,35000,70000,3,64QAM,0.010095076884920635,0.00013654986792005467,0.009827439143797327,0.010362714626043943,True,0.5893193178806561
deep,70000,28.0,8,40000,80000,0,BPSK,0.0003555013020833333,2.9056191917398465e-05,0.0002985511659252323,0.00041245143824143434,False,0.8749646169839855
deep,70000,28.0,8,40000,80000,1,QPSK,0.0007311360677083334,4.034747710598856e-05,0.0006520550125805958,0.000810217122836071,False,0.9788419896901441
deep,70000,28.0,8,40000,80000,2,16QAM,0.0030650105794270835,7.621427719848e-05,0.0029156305961180627,0.0032143905627361044,False,0.5491577166754199
deep,70000,28.0,8,40000,80000,3,64QAM,0.010100347222222222,0.00012799799663328244,0.009849471148820989,0.010351223295623456,True,0.6516005334990981
deep,70000,28.0,9,45000,90000,0,BPSK,0.00037333622685185186,2.8284525005810255e-05,0.00031789855784046376,0.00042877389586323995,False,0.5805526912415488
deep,70000,28.0,9,45000,90000,1,QPSK,0.0007587745949074074,3.904224795952681e-05,0.0006822517889067349,0.00083529740090808,False,0.6501498022877095
deep,70000,28.0,9,45000,90000,2,16QAM,0.0031233814380787037,7.299652304073868e-05,0.002980308252918856,0.0032664546232385513,False,0.3472618388971112
deep,70000,28.0,9,45000,90000,3,64QAM,0.010210367235725309,0.00012176644686653087,0.009971704999866908,0.01044902947158371,True,0.5604547196506398
deep,70000,28.0,10,50000,100000,0,BPSK,0.00037326171875,2.682571667170831e-05,0.0003206833140734517,0.0004258401234265483,False,0.27594079392713405
deep,70000,28.0,10,50000,100000,1,QPSK,0.000758017578125,3.702849418354026e-05,0.000685441729525261,0.0008305934267247389,False,0.5502324190397132
deep,70000,28.0,10,50000,100000,2,16QAM,0.0031217301432291665,6.915898225462852e-05,0.0029861785380100947,0.003257281748448238,False,0.4891573418818249
deep,70000,28.0,10,50000,100000,3,64QAM,0.010230629340277778,0.00011551346573478214,0.010004222947437604,0.010457035733117952,False,0.3141717622296612
deep,70000,28.0,11,55000,110000,0,BPSK,0.00038146898674242425,2.6124067104705665e-05,0.00033026581521720114,0.00043267215826764735,False,0.02514758671807627
deep,70000,28.0,11,55000,110000,1,QPSK,0.0007634469696969697,3.582150119886208e-05,0.0006932368273472,0.0008336571120467394,False,0.3525859508136645
deep,70000,28.0,11,55000,110000,2,16QAM,0.0031084768584280303,6.605777554245284e-05,0.0029790036183648225,0.003237950098491238,False,0.4231413723279553
deep,70000,28.0,11,55000,110000,3,64QAM,0.010202164220328283,0.00010996442705959207,0.009986633943291483,0.010417694497365083,True,0.28541953693165323
deep,70000,28.0,12,60000,120000,0,BPSK,0.00037427842881944444,2.4547539464631783e-05,0.00032616525146876617,0.0004223916061701227,False,0.20222690249819691
deep,70000,28.0,12,60000,120000,1,QPSK,0.0007547309027777778,3.3898999097246585e-05,0.0006882888645471745,0.000821172941008381,False,0.5740778973052515
deep,70000,28.0,12,60000,120000,2,16QAM,0.00308804931640625,6.289294760895626e-05,0.0029647791390926955,0.0032113194937198044,False,0.452772496550551
deep,70000,28.0,12,60000,120000,3,64QAM,0.010180849428530092,0.00010495853465685315,0.00997513070060266,0.010386568156457525,True,0.4272454343079481
deep,70000,28.0,13,65000,130000,0,BPSK,0.00038869190705128205,2.4250289689665133e-05,0.0003411613392595384,0.0004362224748430257,False,0.3019217190234526
deep,70000,28.0,13,65000,130000,1,QPSK,0.0007699419070512821,3.3281129366509233e-05,0.000704710893492924,0.0008351729206096402,False,0.1399421969474748
deep,70000,28.0,13,65000,130000,2,16QAM,0.003103123747996795,6.0895112660643705e-05,0.0029837693271819333,0.0032224781688116565,False,0.08542645259800159
deep,70000,28.0,13,65000,130000,3,64QAM,0.010197622863247864,0.00010111842683004753,0.009999430746660971,0.010395814979834756,True,0.7758269503797166
deep,70000,28.0,14,70000,140000,0,BPSK,0.00039258277529761906,2.342569864774141e-05,0.0003466684059480459,0.0004384971446471922,False,0.0375187578674178
deep,70000,28.0,14,70000,140000,1,QPSK,0.0007745814732142857,3.2220867672336445e-05,0.0007114285725765062,0.0008377343738520651,False,0.5094681916057322
deep,70000,28.0,14,70000,140000,2,16QAM,0.0031084251767113094,5.881676645917006e-05,0.002993144314451336,0.0032237060389712826,False,0.42087699717695254
deep,70000,28.0,14,70000,140000,3,64QAM,0.010204465835813492,9.752122137726173e-05,0.010013324241914059,0.010395607429712926,False,0.6432690511646805
deep,70000,28.5,1,5000,10000,0,BPSK,0.0002935546875,7.731329945585372e-05,0.00014202062056652669,0.00044508875443347327,False,0.9523907370114456
deep,70000,28.5,1,5000,10000,1,QPSK,0.000611328125,0.0001043329383410124,0.0004068355658516157,0.0008158206841483843,False,1.0040227761331086
deep,70000,28.5,1,5000,10000,2,16QAM,0.0026718424479166667,0.000199172281983746,0.0022814647752285246,0.0030622201206048087,False,0.3737639149865858
deep,70000,28.5,1,5000,10000,3,64QAM,0.008907964409722222,0.00033861857239307223,0.008244272007831802,0.009571656811612643,False,0.06940385574478881
deep,70000,28.5,2,10000,20000,0,BPSK,0.0002965169270833333,5.226649523599066e-05,0.00019407459642079163,0.000398959257745875,False,1.3110381045520054
deep,70000,28.5,2,10000,20000,1,QPSK,0.0006188639322916667,7.279947922223898e-05,0.0004761769530160783,0.0007615509115672551,False,1.466461423815905
deep,70000,28.5,2,10000,20000,2,16QAM,0.0026629313151041666,0.00014070291699474452,0.0023871535977944675,0.0029387090324138657,False,1.0294658594542314
deep,70000,28.5,2,10000,20000,3,64QAM,0.008952398003472223,0.0002396513340271142,0.008482681388779079,0.009422114618165367,False,0.48558659154017114
deep,70000,28.5,3,15000,30000,0,BPSK,0.0002893229166666667,4.236480358534087e-05,0.00020628790163939857,0.0003723579316939348,False,0.8687731796917706
deep,70000,28.5,3,15000,30000,1,QPSK,0.0006021918402777778,5.935813453661106e-05,0.0004858498965860201,0.0007185337839695355,False,1.3139856359027278
deep,70000,28.5,3,15000,30000,2,16QAM,0.0026382866753472223,0.00011372558227694033,0.002415384534084419,0.0028611888166100254,False,1.7701792599073172
deep,70000,28.5,3,15000,30000,3,64QAM,0.008958720341435186,0.00019478902000691546,0.008576933862221631,0.00934050682064874,False,1.265162802168026
deep,70000,28.5,4,20000,40000,0,BPSK,0.00031612955729166665,3.850360257361463e-05,0.000240662496247382,0.0003915966183359513,False,0.3960795689402553
deep,70000,28.5,4,20000,40000,1,QPSK,0.0006443522135416667,5.377063772105683e-05,0.0005389617636083953,0.0007497426634749381,False,0.9867816463313174
deep,70000,28.5,4,20000,40000,2,16QAM,0.0026743001302083334,0.00010084433774694372,0.0024766452282243235,0.0028719550321923432,False,1.5997242343183355
deep,70000,28.5,4,20000,40000,3,64QAM,0.008943326822916667,0.0001699333719100387,0.008610257413972991,0.009276396231860343,False,1.0482062342776455
deep,70000,28.5,5,25000,50000,0,BPSK,0.0003175390625,3.3419693621329914e-05,0.00025203646300219336,0.00038304166199780665,False,0.09857176571459583
deep,70000,28.5,5,25000,50000,1,QPSK,0.0006624479166666667,4.799545734939518e-05,0.0005683768202618521,0.0007565190130714812,False,0.6635790518805323
deep,70000,28.5,5,25000,50000,2,16QAM,0.002742828776041667,9.146785503480734e-05,0.0025635517801734444,0.0029221057719098892,False,1.4424551088442736
deep,70000,28.5,5,25000,50000,3,64QAM,0.00905546875,0.0001537613523045893,0.008754096499483005,0.009356841000516996,False,1.1532045642381537
deep,70000,28.5,6,30000,60000,0,BPSK,0.00032163628472222223,3.027558737279386e-05,0.0002622961334715463,0.0003809764359728982,False,0.713208079694459
deep,70000,28.5,6,30000,60000,1,QPSK,0.0006740614149305555,4.394423491757045e-05,0.0005879307144921175,0.0007601921153689936,False,1.3048544514201803
deep,70000,28.5,6,30000,60000,2,16QAM,0.0027766221788194444,8.420077088380177e-05,0.002611588667887193,0.002941655689751696,False,1.7032611342551065
deep,70000,28.5,6,30000,60000,3,64QAM,0.009115270543981481,0.0001411566190838865,0.008838603570577063,0.0093919375173859,False,1.2608518326725096
deep,70000,28.5,7,35000,70000,0,BPSK,0.00032785528273809525,2.847216632744329e-05,0.0002720498367363064,0.0003836607287398841,False,0.3086876355314915
deep,70000,28.5,7,35000,70000,1,QPSK,0.0006831240699404762,4.111917956531559e-05,0.0006025304779924577,0.0007637176618884947,False,0.9887732690416863
deep,70000,28.5,7,35000,70000,2,16QAM,0.0028043224516369047,7.843534987944179e-05,0.002650589165873199,0.0029580557374006104,False,1.3259600994738596
deep,70000,28.5,7,35000,70000,3,64QAM,0.009175359623015873,0.0001312966040233685,0.00891801827913007,0.009432700966901676,False,0.750510646319765
deep,70000,28.5,8,40000,80000,0,BPSK,0.0003270914713541667,2.6618234921422672e-05,0.00027491973090817826,0.0003792632118001551,False,0.28769126599491174
deep,70000,28.5,8,40000,80000,1,QPSK,0.0006779134114583334,3.838914459436757e-05,0.000602670688053373,0.0007531561348632938,False,0.996341454721393
deep,70000,28.5,8,40000,80000,2,16QAM,0.0027638916015625,7.297079212837711e-05,0.002620868848990881,0.002906914354134119,False,1.5833262398951407
deep,70000,28.5,8,40000,80000,3,64QAM,0.009089119466145833,0.0001220493258402136,0.008849902787499015,0.009328336144792651,False,1.1909411965425247
deep,70000,28.5,9,45000,90000,0,BPSK,0.0003282696759259259,2.5348812652786107e-05,0.00027858600312646517,0.00037795334872538667,False,0.6826035459379884
deep,70000,28.5,9,45000,90000,1,QPSK,0.0006773256655092592,3.637541531483864e-05,0.0006060298514921755,0.000748621479526343,False,1.4558001507094087
deep,70000,28.5,9,45000,90000,2,16QAM,0.0027603877314814813,6.87265561824566e-05,0.0026256836813638666,0.002895091781599096,False,1.7386700818285175
deep,70000,28.5,9,45000,90000,3,64QAM,0.009092768614969136,0.00011501230039691154,0.008867344506191189,0.009318192723747083,False,1.0348467790317957
deep,70000,28.5,10,50000,100000,0,BPSK,0.00032561848958333336,2.394943940975979e-05,0.00027867758834020415,0.00037255939082646256,False,0.20415089493264515
deep,70000,28.5,10,50000,100000,1,QPSK,0.0006732063802083333,3.433381140176219e-05,0.0006059121098608794,0.0007405006505557872,False,1.033151162498987
deep,70000,28.5,10,50000,100000,2,16QAM,0.0027587711588541665,6.511933423892974e-05,0.002631137263745864,0.002886405053962469,False,1.411953068088949
deep,70000,28.5,10,50000,100000,3,64QAM,0.009084643012152777,0.00010905095132329794,0.008870903147559114,0.00929838287674644,False,0.8753204932607611
deep,70000,28.5,11,55000,110000,0,BPSK,0.00033513849431818183,2.3143466285516876e-05,0.00028977730039856877,0.0003804996882377949,False,0.18387160912184627
deep,70000,28.5,11,55000,110000,1,QPSK,0.0006870827414772727,3.318064498649899e-05,0.0006220486773037346,0.0007521168056508108,False,0.6381308598400046
deep,70000,28.5,11,55000,110000,2,16QAM,0.002776540305397727,6.260137157475757e-05,0.0026538416171112025,0.002899238993684252,False,1.2074427855349132
deep,70000,28.5,11,55000,110000,3,64QAM,0.009069677241161617,0.00010428898117820229,0.00886527083805234,0.009274083644270893,False,0.9297977917451772
deep,70000,28.5,12,60000,120000,0,BPSK,0.00033665907118055554,2.2245635163898224e-05,0.000293057626259315,0.00038026051610179606,False,0.06219007860540688
deep,70000,28.5,12,60000,120000,1,QPSK,0.0006869493272569445,3.185470987788613e-05,0.0006245140958962877,0.0007493845586176013,False,0.8169166186916692
deep,70000,28.5,12,60000,120000,2,16QAM,0.002771567111545139,5.992467658776047e-05,0.0026541147454331284,0.0028890194776571496,False,1.4675295252265714
deep,70000,28.5,12,60000,120000,3,64QAM,0.009068108904803241,9.976990990604165e-05,0.0088725598813874,0.009263657928219083,False,1.197155926231693
deep,70000,28.5,13,65000,130000,0,BPSK,0.0003366386217948718,2.1323992479573696e-05,0.00029484359653490734,0.0003784336470548362,False,0.3330210279438043
deep,70000,28.5,13,65000,130000,1,QPSK,0.0006860226362179488,3.0555802250628635e-05,0.0006261332638067167,0.0007459120086291809,False,1.2847939788385458
deep,70000,28.5,13,65000,130000,2,16QAM,0.0027657101362179486,5.7516978940261e-05,0.0026529768574950372,0.00287844341494086,False,1.832103473121091
deep,70000,28.5,13,65000,130000,3,64QAM,0.009062016726762821,9.576662083800295e-05,0.008874314149920334,0.009249719303605308,False,1.6335943687824817
deep,70000,28.5,14,70000,140000,0,BPSK,0.0003404389880952381,2.0684492345686444e-05,0.00029989738309769265,0.00038098059309278355,False,0.05080924881029695
deep,70000,28.5,14,70000,140000,1,QPSK,0.0006920991443452381,2.9655294548336534e-05,0.0006339747670304985,0.0007502235216599776,False,0.9648622490667603
deep,70000,28.5,14,70000,140000,2,16QAM,0.0027678292410714287,5.5577229713312825e-05,0.0026588978708333355,0.002876760611309522,False,1.7413673165946693
deep,70000,28.5,14,70000,140000,3,64QAM,0.009073757595486112,9.236755621764298e-05,0.008892717185299532,0.009254798005672691,False,1.721839097091646
deep,70000,29.0,1,5000,10000,0,BPSK,0.000244140625,6.947531682968714e-05,0.0001079690040138132,0.00038031224598618677,False,0.1874076387624704
deep,70000,29.0,1,5000,10000,1,QPSK,0.0004980794270833333,9.658823186536517e-05,0.0003087664926272176,0.0006873923615394491,False,0.31172863506487164
deep,70000,29.0,1,5000,10000,2,16QAM,0.002166389973958333,0.0001784350227238911,0.0018166573294195066,0.0025161226184971597,False,0.48406217871758483
deep,70000,29.0,1,5000,10000,3,64QAM,0.007718240017361111,0.0003080986287864118,0.007114366704939744,0.008322113329782478,False,0.45151520335250556
deep,70000,29.0,2,10000,20000,0,BPSK,0.0002123046875,4.1802853003213566e-05,0.00013037109561370142,0.0002942382793862986,False,0.3472947161706197
deep,70000,29.0,2,10000,20000,1,QPSK,0.00044593098958333334,6.139618688961459e-05,0.0003255944632796887,0.000566267515886978,False,0.18556452287933645
deep,70000,29.0,2,10000,20000,2,16QAM,0.0020706949869791665,0.00012072940429530828,0.0018340653545603621,0.0023073246193979708,False,0.29705638393549016
deep,70000,29.0,2,10000,20000,3,64QAM,0.007603119574652778,0.0002133953811510515,0.007184864627596717,0.008021374521708839,False,0.4888164197866591
deep,70000,29.0,3,15000,30000,0,BPSK,0.00022335069444444445,3.528208885812655e-05,0.0001541978002825164,0.00029250358860637247,False,0.8242058965962722
deep,70000,29.0,3,15000,30000,1,QPSK,0.00047329644097222223,5.1267576432822673e-05,0.0003728119911638898,0.0005737808907805547,False,0.8252122613467985
deep,70000,29.0,3,15000,30000,2,16QAM,0.0022028428819444446,0.00010188727793396298,0.002003143817193877,0.002402541946695012,False,0.9718911725562284
deep,70000,29.0,3,15000,30000,3,64QAM,0.007854770688657408,0.0001788698096506644,0.007504185861742106,0.00820535551557271,False,0.8532145570927026
deep,70000,29.0,4,20000,40000,0,BPSK,0.00024127604166666666,3.262312666907678e-05,0.00017733471339527617,0.00030521736993805717,False,0.09678756467718987
deep,70000,29.0,4,20000,40000,1,QPSK,0.0004890950520833334,4.617017630192507e-05,0.00039860150653156024,0.0005795885976351065,False,0.04512236059600067
deep,70000,29.0,4,20000,40000,2,16QAM,0.0022135986328125,8.953168999787036e-05,0.002038116520416674,0.002389080745208326,False,0.5518213154376718
deep,70000,29.0,4,20000,40000,3,64QAM,0.007818204752604167,0.00015537298899960671,0.0075136736941649376,0.008122735811043396,False,1.2258290508507503
deep,70000,29.0,5,25000,50000,0,BPSK,0.00024337239583333334,2.9424219943023932e-05,0.00018570092474500644,0.00030104386692166024,False,0.5022575060227564
deep,70000,29.0,5,25000,50000,1,QPSK,0.0005009700520833333,4.14535212285132e-05,0.00041972115047544744,0.0005822189536912192,False,0.5231410929235738
deep,70000,29.0,5,25000,50000,2,16QAM,0.002257936197916667,8.100054904112238e-05,0.002099175121796067,0.0024166972740372666,False,0.08374988666832035
deep,70000,29.0,5,25000,50000,3,64QAM,0.00784017578125,0.00014016514762090423,0.007565452091913028,0.008114899470586972,False,0.7666550935613908
deep,70000,29.0,6,30000,60000,0,BPSK,0.00025565321180555557,2.7450858024359e-05,0.00020184953007781192,0.0003094568935332992,False,0.48183965252595
deep,70000,29.0,6,30000,60000,1,QPSK,0.0005260199652777778,3.885816031879552e-05,0.0004498579710529386,0.000602181959502617,False,0.5012299819197998
deep,70000,29.0,6,30000,60000,2,16QAM,0.0022970458984375,7.529522765889806e-05,0.00214946725222606,0.00244462454464894,False,0.03411744152387342
deep,70000,29.0,6,30000,60000,3,64QAM,0.007880767144097222,0.00012903091711097685,0.007627866546559708,0.008133667741634737,False,0.7645637658389124
deep,70000,29.0,7,35000,70000,0,BPSK,0.00026522507440476193,2.6042748819748002e-05,0.00021418128671805585,0.000316268862091468,False,0.6760407138330893
deep,70000,29.0,7,35000,70000,1,QPSK,0.0005396577380952381,3.66253167006585e-05,0.0004678721173619474,0.0006114433588285287,False,0.5825332506232684
deep,70000,29.0,7,35000,70000,2,16QAM,0.0023203845796130954,7.037433730832964e-05,0.0021824508784887694,0.0024583182807374213,False,0.385406057660186
deep,70000,29.0,7,35000,70000,3,64QAM,0.007903851996527779,0.00012006502304868741,0.007668524551352351,0.008139179441703205,False,0.32582015069087483
deep,70000,29.0,8,40000,80000,0,BPSK,0.0002683186848958333,2.413315271645204e-05,0.00022101770557158732,0.00031561966422007933,False,0.6835291473327447
deep,70000,29.0,8,40000,80000,1,QPSK,0.0005522379557291666,3.426636819564018e-05,0.00048507587406571186,0.0006194000373926213,False,0.6424160688511557
deep,70000,29.0,8,40000,80000,2,16QAM,0.0023471333821614582,6.644724838142053e-05,0.002216896775333874,0.0024773699889890427,False,0.7066387234729712
deep,70000,29.0,8,40000,80000,3,64QAM,0.007920853678385416,0.000112942331376443,0.007699486708887588,0.008142220647883244,False,0.16787431966502916
deep,70000,29.0,9,45000,90000,0,BPSK,0.0002594184027777778,2.2120549400485783e-05,0.00021606212595282566,0.00030277467960272995,False,0.8116547219033313
deep,70000,29.0,9,45000,90000,1,QPSK,0.0005407515914351852,3.1689462684881335e-05,0.00047864024457281785,0.0006028629382975526,False,0.8045407819050552
deep,70000,29.0,9,45000,90000,2,16QAM,0.002348781105324074,6.228367970677447e-05,0.002226705093098796,0.002470857117549352,False,0.8459822740521457
deep,70000,29.0,9,45000,90000,3,64QAM,0.007937053915895062,0.00010641382010444659,0.007728482828490347,0.008145625003299777,False,0.11492747099951889
deep,70000,29.0,10,50000,100000,0,BPSK,0.0002834830729166667,2.287383221678371e-05,0.0002386503617717706,0.0003283157840615628,False,1.4142983082746177
deep,70000,29.0,10,50000,100000,1,QPSK,0.0005703287760416666,3.184184058232483e-05,0.0005079187685003099,0.0006327387835830233,False,1.2133770610781474
deep,70000,29.0,10,50000,100000,2,16QAM,0.0023946858723958332,6.0361167516394474e-05,0.0022763779840637,0.0025129937607279666,False,1.1135511901799988
deep,70000,29.0,10,50000,100000,3,64QAM,0.008025145399305555,0.00010196307484127433,0.007825297772616657,0.008224993025994453,False,0.399682601190015
deep,70000,29.0,11,55000,110000,0,BPSK,0.0002749289772727273,2.115945258408504e-05,0.0002334564502079206,0.000316401504337534,False,1.2766109057054296
deep,70000,29.0,11,55000,110000,1,QPSK,0.0005620028409090909,2.982745651653351e-05,0.0005035410261366852,0.0006204646556814966,False,1.2181435401687277
deep,70000,29.0,11,55000,110000,2,16QAM,0.0023885298295454544,5.722101561195073e-05,0.0022763766389460307,0.002500683020144878,False,1.375565530638338
deep,70000,29.0,11,55000,110000,3,64QAM,0.00801863952020202,9.707589801788162e-05,0.007828370760086972,0.008208908280317067,False,0.723896377222126
deep,70000,29.0,12,60000,120000,0,BPSK,0.00027916124131944445,2.0308213384486563e-05,0.00023935714308585078,0.00031896533955303813,False,1.3103766014613394
deep,70000,29.0,12,60000,120000,1,QPSK,0.0005691243489583333,2.879205056269249e-05,0.000512691929855456,0.0006255567680612106,False,1.2568452981449498
deep,70000,29.0,12,60000,120000,2,16QAM,0.0023925984700520833,5.50212691469377e-05,0.0022847567825240852,0.0025004401575800814,False,1.277745716350367
deep,70000,29.0,12,60000,120000,3,64QAM,0.008014066116898148,9.305104617023051e-05,0.007831686066404496,0.0081964461673918,False,0.6798160902105084
deep,70000,29.0,13,65000,130000,0,BPSK,0.00028620292467948716,2.0072338690055677e-05,0.00024686114084697804,0.0003255447085119963,False,1.3550292027904738
deep,70000,29.0,13,65000,130000,1,QPSK,0.000576454827724359,2.8128258737150665e-05,0.0005213234405995437,0.0006315862148491743,False,1.4169531391084436
deep,70000,29.0,13,65000,130000,2,16QAM,0.002398707932692308,5.3126402373571365e-05,0.002294580184040108,0.002502835681344508,False,1.2001494617581299
deep,70000,29.0,13,65000,130000,3,64QAM,0.008016071547809828,8.952707266479746e-05,0.007840598485386825,0.008191544610232832,False,0.6087682228170771
deep,70000,29.0,14,70000,140000,0,BPSK,0.0002886253720238095,1.944183446772668e-05,0.00025051937646706525,0.0003267313675805538,False,0.7285723389769332
deep,70000,29.0,14,70000,140000,1,QPSK,0.0005791573660714286,2.7231160387183255e-05,0.0005257842917125494,0.0006325304404303077,False,0.7039175699937101
deep,70000,29.0,14,70000,140000,2,16QAM,0.002399862816220238,5.125499330189313e-05,0.0022994030293485277,0.0025003226030919485,False,0.6794203748106545
deep,70000,29.0,14,70000,140000,3,64QAM,0.00802096199156746,8.630884031372771e-05,0.007851796664552553,0.008190127318582367,False,0.4393520693727588
deep,70000,29.5,1,5000,10000,0,BPSK,0.0002675130208333333,7.675307998413645e-05,0.00011707698406442587,0.0004179490576022407,False,0.9474666312860177
deep,70000,29.5,1,5000,10000,1,QPSK,0.0005012044270833333,0.00010018392937044138,0.00030484392551726825,0.0006975649286493984,False,1.1934682538900336
deep,70000,29.5,1,5000,10000,2,16QAM,0.0021024251302083335,0.00017939839390993125,0.0017508042781448682,0.002454045982271799,False,0.977567056723518
deep,70000,29.5,1,5000,10000,3,64QAM,0.007272384982638889,0.0003036301377993162,0.0066772699125522295,0.007867500052725549,False,0.7674266960652625
deep,70000,29.5,2,10000,20000,0,BPSK,0.0002866536458333333,5.2106550330099375e-05,0.00018452480718633853,0.0003887824844803281,False,1.0120494761215948
deep,70000,29.5,2,10000,20000,1,QPSK,0.0005555501302083333,7.192769426895236e-05,0.00041457184944118663,0.00069652841097548,False,1.3249142025679905
deep,70000,29.5,2,10000,20000,2,16QAM,0.0022137532552083334,0.00013227507728264275,0.0019544941037343538,0.002473012406682313,False,1.490389873703859
deep,70000,29.5,2,10000,20000,3,64QAM,0.007333148871527778,0.0002197121350410987,0.006902513086847225,0.007763784656208332,False,1.4395405165268804
deep,70000,29.5,3,15000,30000,0,BPSK,0.0002926432291666667,4.285935580541668e-05,0.00020863889178805,0.00037664756654528337,False,0.27291283205960754
deep,70000,29.5,3,15000,30000,1,QPSK,0.0005775282118055555,5.944585552456894e-05,0.0004610143349774004,0.0006940420886337106,False,0.15204560898511565
deep,70000,29.5,3,15000,30000,2,16QAM,0.002289675564236111,0.00011006927427192155,0.0020739397866631447,0.0025054113418090775,False,0.7292442536627587
deep,70000,29.5,3,15000,30000,3,64QAM,0.007474547887731482,0.0001823508392123193,0.007117140242875336,0.007831955532587628,False,0.5910914001889548
deep,70000,29.5,4,20000,40000,0,BPSK,0.00027644856770833335,3.5848306077257885e-05,0.00020618588779690788,0.0003467112476197588,False,0.1430162511973148
deep,70000,29.5,4,20000,40000,1,QPSK,0.0005567626953125,5.0046945881671546e-05,0.00045867068138442376,0.0006548547092405763,False,0.4746474005132996
deep,70000,29.5,4,20000,40000,2,16QAM,0.0022465087890625,9.374445739987155e-05,0.0020627696525587517,0.0024302479255662486,False,0.7587213876141132
deep,70000,29.5,4,20000,40000,3,64QAM,0.007394281684027778,0.00015656127140296016,0.007087421592077976,0.00770114177597758,False,0.6597573951121034
deep,70000,29.5,5,25000,50000,0,BPSK,0.0002916927083333333,3.19361980033761e-05,0.00022909776024671616,0.00035428765641995046,False,0.024462592319141243
deep,70000,29.5,5,25000,50000,1,QPSK,0.0005901432291666667,4.554668838162211e-05,0.0005008717199386873,0.000679414738394646,False,0.20954716837559398
deep,70000,29.5,5,25000,50000,2,16QAM,0.0023083268229166665,8.570987950739854e-05,0.0021403354590821652,0.002476318186751168,False,0.37614457901653253
deep,70000,29.5,5,25000,50000,3,64QAM,0.007496226128472222,0.00014197809361044916,0.007217949064995742,0.007774503191948703,False,0.5325112146035778
deep,70000,29.5,6,30000,60000,0,BPSK,0.0002821072048611111,2.8098683471472432e-05,0.00022703378525702517,0.0003371806244651971,False,0.7866131658353682
deep,70000,29.5,6,30000,60000,1,QPSK,0.0005791883680555556,4.0629949508325156e-05,0.0004995536670192383,0.0006588230690918729,False,0.4120730125830163
deep,70000,29.5,6,30000,60000,2,16QAM,0.0023170328776041665,7.780005672991544e-05,0.0021645447664135325,0.0024695209887948006,False,0.4366395596275063
deep,70000,29.5,6,30000,60000,3,64QAM,0.007519860387731481,0.0001296820484023406,0.007265683572862894,0.007774037202600069,False,1.035519387681356
deep,70000,29.5,7,35000,70000,0,BPSK,0.00028679315476190477,2.6341385644527245e-05,0.00023516403889863136,0.00033842227062517814,False,0.14617376490816178
deep,70000,29.5,7,35000,70000,1,QPSK,0.0005770693824404761,3.804655611692079e-05,0.0005024981324513114,0.0006516406324296409,False,0.2954195389446691
deep,70000,29.5,7,35000,70000,2,16QAM,0.0022829124813988095,7.174050899534708e-05,0.0021423010837679293,0.0024235238790296897,False,0.8093216601682807
deep,70000,29.5,7,35000,70000,3,64QAM,0.007467657180059524,0.00011930700619220369,0.007233815447922804,0.007701498912196243,False,1.320788091305797
deep,70000,29.5,8,40000,80000,0,BPSK,0.00029737955729166666,2.5716327843281113e-05,0.00024697555471883567,0.00034778355986449764,False,0.0943025458613505
deep,70000,29.5,8,40000,80000,1,QPSK,0.00058243408203125,3.655261792176474e-05,0.0005107909509045911,0.0006540772131579089,False,0.2801889663375661
deep,70000,29.5,8,40000,80000,2,16QAM,0.0022567789713541665,6.714587861282324e-05,0.002125173049273033,0.0023883848934353,False,0.7862167602917339
deep,70000,29.5,8,40000,80000,3,64QAM,0.007397298177083333,0.0001110934347855406,0.0071795550449036735,0.007615041309262993,False,1.6006364753461428
deep,70000,29.5,9,45000,90000,0,BPSK,0.00029620949074074076,2.4475764122897754e-05,0.00024823699305986116,0.00034418198842162037,False,0.07034035760352189
deep,70000,29.5,9,45000,90000,1,QPSK,0.0005790219907407407,3.4415334693390964e-05,0.0005115679347416944,0.0006464760467397871,False,0.14944504468027267
deep,70000,29.5,9,45000,90000,2,16QAM,0.0022497649016203704,6.318464237037535e-05,0.0021259230025744346,0.002373606800666306,False,0.3621766819560152
deep,70000,29.5,9,45000,90000,3,64QAM,0.007379355951003087,0.00010461610043938839,0.007174308394141886,0.007584403507864288,False,1.1924850693399305
deep,70000,29.5,10,50000,100000,0,BPSK,0.0002962890625,2.347452805001388e-05,0.00025027898752197277,0.00034229913747802724,False,0.1697310226351457
deep,70000,29.5,10,50000,100000,1,QPSK,0.000582119140625,3.276759023320135e-05,0.0005178946637679254,0.0006463436174820747,False,0.14831735386117872
deep,70000,29.5,10,50000,100000,2,16QAM,0.0022727376302083334,6.018521644565974e-05,0.00215477460597484,0.0023907006544418266,False,0.11217486867838845
deep,70000,29.5,10,50000,100000,3,64QAM,0.007424725477430555,9.96832788135932e-05,0.0072293462509559125,0.007620104703905198,False,0.9038492706611941
deep,70000,29.5,11,55000,110000,0,BPSK,0.0003092625473484848,2.3330754707937694e-05,0.00026353426812092694,0.0003549908265760427,False,0.2544405924947034
deep,70000,29.5,11,55000,110000,1,QPSK,0.0006004083806818182,3.2127571059161526e-05,0.0005374383414058616,0.0006633784199577748,False,0.31667392641498315
deep,70000,29.5,11,55000,110000,2,16QAM,0.00230859375,5.8195938486229906e-05,0.002194529710566989,0.0024226577894330107,False,0.18453488930888626
deep,70000,29.5,11,55000,110000,3,64QAM,0.007483762428977273,9.57619445117003e-05,0.00729606901773434,0.007671455840220206,False,0.7142883262595706
deep,70000,29.5,12,60000,120000,0,BPSK,0.000308203125,2.2427538591346998e-05,0.0002642451493609599,0.0003521611006390401,False,0.14369134117186189
deep,70000,29.5,12,60000,120000,1,QPSK,0.0005947509765625,3.080920932623758e-05,0.0005343649262830744,0.0006551370268419257,False,0.01664090666559986
deep,70000,29.5,12,60000,120000,2,16QAM,0.0022797403971354167,5.541346072705951e-05,0.0021711300141103802,0.002388350780160453,False,0.1324916541537169
deep,70000,29.5,12,60000,120000,3,64QAM,0.007419503219039352,9.116719837169363e-05,0.007240815510230833,0.007598190927847871,False,0.8727211501458872
deep,70000,29.5,13,65000,130000,0,BPSK,0.0003077624198717949,2.1460560626557562e-05,0.00026569972104374207,0.0003498251186998477,False,0.1563498763252204
deep,70000,29.5,13,65000,130000,1,QPSK,0.0005952649238782051,2.954241884761151e-05,0.0005373617829368866,0.0006531680648195236,False,0.055008831101727856
deep,70000,29.5,13,65000,130000,2,16QAM,0.002280146985176282,5.3248212539404475e-05,0.0021757804885990492,0.0023845134817535147,False,0.40876500740146343
deep,70000,29.5,13,65000,130000,3,64QAM,0.007412556757478633,8.759490464246481e-05,0.007240870744379402,0.007584242770577863,False,1.130223751545596
deep,70000,29.5,14,70000,140000,0,BPSK,0.0003053059895833333,2.0410837323399475e-05,0.00026530074842947036,0.0003453112307371963,False,0.08498205312427912
deep,70000,29.5,14,70000,140000,1,QPSK,0.0005937616257440477,2.8275667138273173e-05,0.0005383413181530323,0.0006491819333350631,False,0.07425472606558577
deep,70000,29.5,14,70000,140000,2,16QAM,0.002276490420386905,5.123742134970148e-05,0.00217606507454149,0.0023769157662323196,False,0.4014293499956511
deep,70000,29.5,14,70000,140000,3,64QAM,0.00740755363343254,8.435391570856752e-05,0.007242219958643747,0.0075728873082213325,False,1.0209600124789726
deep,70000,30.0,1,5000,10000,0,BPSK,0.0002765625,8.084930124737133e-05,0.00011809786955515223,0.0004350271304448478,False,1.6219123786092808
deep,70000,30.0,1,5000,10000,1,QPSK,0.00048004557291666665,0.00010175288006280454,0.00028060992799356976,0.0006794812178397636,False,1.8534824978882019
deep,70000,30.0,1,5000,10000,2,16QAM,0.0018411946614583334,0.00017329242105165653,0.0015015415161970867,0.00218084780671958,False,1.0926099733504222
deep,70000,30.0,1,5000,10000,3,64QAM,0.006413704427083333,0.0002863361690333868,0.005852485535777895,0.006974923318388771,False,0.07832496611805775
deep,70000,30.0,2,10000,20000,0,BPSK,0.0002520833333333333,4.852274972722816e-05,0.00015697874386796614,0.0003471879227987005,False,1.4732567148644444
deep,70000,30.0,2,10000,20000,1,QPSK,0.0005049479166666667,6.689696714242091e-05,0.0003738298610675217,0.0006360659722658116,False,1.564476536624046
deep,70000,30.0,2,10000,20000,2,16QAM,0.0019880289713541666,0.00012568521180297552,0.0017416859562203344,0.0022343719864879987,False,0.8338989974120221
deep,70000,30.0,2,10000,20000,3,64QAM,0.006587255859375,0.00020927992933122904,0.006177067197885792,0.006997444520864209,False,0.12590917424791154
deep,70000,30.0,3,15000,30000,0,BPSK,0.0002746310763888889,4.10419333544578e-05,0.0001941888870141516,0.0003550732657636262,False,1.7835769354511235
deep,70000,30.0,3,15000,30000,1,QPSK,0.00054248046875,5.722857209276108e-05,0.0004303124674481883,0.0006546484700518117,False,1.8170328192134786
deep,70000,30.0,3,15000,30000,2,16QAM,0.0020689290364583335,0.00010600102640790291,0.0018611670246988438,0.0022766910482178234,False,1.2593460329261756
deep,70000,30.0,3,15000,30000,3,64QAM,0.006684675202546296,0.00017410029087401246,0.0063434386324332315,0.00702591177265936,False,0.48639412606692994
deep,70000,30.0,4,20000,40000,0,BPSK,0.00029775390625,3.7336412270809196e-05,0.000224574538199214,0.000370933274300786,False,1.9268735086474171
deep,70000,30.0,4,20000,40000,1,QPSK,0.0005709635416666667,5.1789318440352824e-05,0.00046945647752357514,0.0006724706058097581,False,1.880361566670162
deep,70000,30.0,4,20000,40000,2,16QAM,0.00208363037109375,9.335080069976931e-05,0.001900662801722202,0.0022665979404652976,False,0.9896739726995044
deep,70000,30.0,4,20000,40000,3,64QAM,0.006653352864583333,0.00015145885171398058,0.006356493515223932,0.006950212213942735,False,0.3321249264808242
deep,70000,30.0,5,25000,50000,0,BPSK,0.0003070442708333333,3.3814581756951516e-05,0.00024076769058970835,0.00037332085107695827,False,1.7355257278079224
deep,70000,30.0,5,25000,50000,1,QPSK,0.0005846940104166666,4.712765472837728e-05,0.0004923238071490472,0.0006770642136842861,False,1.7048712568016795
deep,70000,30.0,5,25000,50000,2,16QAM,0.0021064485677083334,8.421599382613539e-05,0.001941385219809108,0.002271511915607559,False,0.7678404683051102
deep,70000,30.0,5,25000,50000,3,64QAM,0.006707447916666666,0.00013621880470518792,0.006440459059444498,0.006974436773888835,False,0.012999788328655263
deep,70000,30.0,6,30000,60000,0,BPSK,0.00030623914930555553,3.160698482545595e-05,0.0002442894590476619,0.0003681888395634492,False,2.049902125886403
deep,70000,30.0,6,30000,60000,1,QPSK,0.0005798448350694444,4.334224717748687e-05,0.0004948940306015702,0.0006647956395373186,False,2.069818186437225
deep,70000,30.0,6,30000,60000,2,16QAM,0.002091544596354167,7.668448083020895e-05,0.0019412430139269573,0.0022418461787813765,False,1.253429904721226
deep,70000,30.0,6,30000,60000,3,64QAM,0.006678455946180556,0.00012397636033473873,0.006435462279924468,0.006921449612436644,False,0.6588208992631074
deep,70000,30.0,7,35000,70000,0,BPSK,0.0003091517857142857,2.9421057763215376e-05,0.00025148651249838356,0.00036681705893018785,False,1.2923061982802222
deep,70000,30.0,7,35000,70000,1,QPSK,0.0005820545014880952,4.035139122348789e-05,0.0005029657746900589,0.0006611432282861315,False,1.1917525166454677
deep,70000,30.0,7,35000,70000,2,16QAM,0.0020905970982142857,7.111213317645803e-05,0.001951217317188428,0.002229976879240143,False,0.4023006819924633
deep,70000,30.0,7,35000,70000,3,64QAM,0.006676702008928571,0.00011473641552292825,0.006451818634503632,0.00690158538335351,False,0.17943976406600523
deep,70000,30.0,8,40000,80000,0,BPSK,0.000317578125,2.822736605427843e-05,0.00026225248753361426,0.0003729037624663857,False,0.8983495762372912
deep,70000,30.0,8,40000,80000,1,QPSK,0.0005877197265625,3.838364604156394e-05,0.0005124877803210347,0.0006629516728039654,False,0.779800003249652
deep,70000,30.0,8,40000,80000,2,16QAM,0.00208115234375,6.673418471174822e-05,0.0019503533417149735,0.0022119513457850267,False,0.1151780501565337
deep,70000,30.0,8,40000,80000,3,64QAM,0.006644095865885416,0.00010717560812562743,0.006434031673959187,0.006854160057811646,False,0.013882750039666403
deep,70000,30.0,9,45000,90000,0,BPSK,0.0003069010416666667,2.5877369790884027e-05,0.000256181396876534,0.0003576206864567994,False,0.5423081979503944
deep,70000,30.0,9,45000,90000,1,QPSK,0.0005758210358796296,3.5498776058914876e-05,0.0005062434348041564,0.0006453986369551027,False,0.3758629196465752
deep,70000,30.0,9,45000,90000,2,16QAM,0.0020700141059027777,6.237188431531019e-05,0.0019477652126447696,0.0021922629991607857,False,0.37829100407905125
deep,70000,30.0,9,45000,90000,3,64QAM,0.0066349934895833336,0.00010078193711746644,0.006437460892833099,0.006832526086333568,False,0.43844609104934346
deep,70000,30.0,10,50000,100000,0,BPSK,0.0002930859375,2.3923423057669122e-05,0.00024619602830696854,0.00033997584669303145,False,0.8316453130073685
deep,70000,30.0,10,50000,100000,1,QPSK,0.0005533821614583333,3.287798520490623e-05,0.0004889413104567171,0.0006178230124599495,False,0.6198918973079482
deep,70000,30.0,10,50000,100000,2,16QAM,0.002029495442708333,5.817541838627061e-05,0.0019154716226712429,0.0021435192627454235,False,0.1981358734751757
deep,70000,30.0,10,50000,100000,3,64QAM,0.006580188802083334,9.470004393395764e-05,0.006394576715972777,0.006765800888193891,False,0.24618460149934923
deep,70000,30.0,11,55000,110000,0,BPSK,0.00027853929924242425,2.2313052273898143e-05,0.0002348057167855839,0.0003222728816992646,False,1.0795725967817098
deep,70000,30.0,11,55000,110000,1,QPSK,0.0005319631865530303,3.0573858776137666e-05,0.0004720384233518005,0.0005918879497542601,False,0.8539876558291447
deep,70000,30.0,11,55000,110000,2,16QAM,0.002006784150094697,5.4643199933133456e-05,0.0018996834782257553,0.0021138848219636385,False,0.26149318582498127
deep,70000,30.0,11,55000,110000,3,64QAM,0.006565707859848485,8.975338536141288e-05,0.006389791224540115,0.006741624495156854,False,0.4460332945624561
deep,70000,30.0,12,60000,120000,0,BPSK,0.00027761501736111113,2.1360195885551207e-05,0.00023574903342543077,0.0003194810012967915,False,1.0241013033613857
deep,70000,30.0,12,60000,120000,1,QPSK,0.0005303249782986112,2.923142291586355e-05,0.0004730313893835186,0.0005876185672137037,False,0.8930128446471209
deep,70000,30.0,12,60000,120000,2,16QAM,0.0019997884114583333,5.224469920153844e-05,0.0018973888010233178,0.0021021880218933487,False,0.430383858466913
deep,70000,30.0,12,60000,120000,3,64QAM,0.006539601417824074,8.578278539230692e-05,0.006371467158455152,0.0067077356771929955,False,0.49723200150400443
deep,70000,30.0,13,65000,130000,0,BPSK,0.00027904146634615386,2.089863693379758e-05,0.0002380801379559106,0.00032000279473639714,False,0.9118047499785596
deep,70000,30.0,13,65000,130000,1,QPSK,0.000530391125801282,2.8261728386370593e-05,0.0004749981381639956,0.0005857841134385683,False,0.764179049317143
deep,70000,30.0,13,65000,130000,2,16QAM,0.001999648187099359,5.021976697876112e-05,0.0019012174438209873,0.0020980789303777308,False,0.05008515452110479
deep,70000,30.0,13,65000,130000,3,64QAM,0.006534729734241453,8.240385886633309e-05,0.00637321817086344,0.006696241297619466,False,0.08491109466772732
deep,70000,30.0,14,70000,140000,0,BPSK,0.00027787388392857144,2.0247931751007388e-05,0.00023818793769659697,0.0003175598301605459,False,0.9673604850249501
deep,70000,30.0,14,70000,140000,1,QPSK,0.0005266136532738095,2.7265425514874076e-05,0.0004731734192646563,0.0005800538872829627,False,0.8401608108185538
deep,70000,30.0,14,70000,140000,2,16QAM,0.001991426013764881,4.8247016584596944e-05,0.001896861861259071,0.002085990166270691,False,0.011060160482140797
deep,70000,30.0,14,70000,140000,3,64QAM,0.006529299975198413,7.925820290581404e-05,0.006373953897503017,0.006684646052893809,False,0.11419634851909978
